PASS	Lcom/bytedance/corecamera/camera/basic/PureCameraFragment;->O(ILandroid/widget/RelativeLayout$LayoutParams;ZZLandroid/graphics/RectF;)V
PASS	Lcom/bytedance/corecamera/ui/view/CameraShadeView$b;->onAnimationUpdate(Landroid/animation/ValueAnimator;)V
PASS	Lcom/bytedance/corecamera/ui/view/CameraShadeView$d;->a(Lcom/bytedance/corecamera/ui/view/CameraShadeView$c;)V
PASS	Lcom/bytedance/corecamera/ui/view/CameraShadeView$d;->g()Landroid/graphics/RectF;
PASS	Lcom/bytedance/corecamera/ui/view/CameraShadeView$h;->b(Lcom/bytedance/corecamera/ui/view/CameraShadeView;)V
PASS	Lcom/bytedance/corecamera/ui/view/CameraShadeView$h;->onAnimationEnd(Landroid/animation/Animator;)V
PASS	Lcom/bytedance/corecamera/ui/view/CameraShadeView;->a(Lcom/bytedance/corecamera/ui/view/CameraShadeView$f;)V
PASS	Lcom/bytedance/corecamera/ui/view/CameraShadeView;->k()V
PASS	Lcom/bytedance/corecamera/ui/view/CameraShadeView;->l(Lcom/bytedance/corecamera/ui/view/CameraShadeView;)V
PASS	Lcom/bytedance/corecamera/ui/view/CameraShadeView;->m(Lcom/ss/android/vesdk/VEPreviewRadio;ZZZ)Z
PASS	Lcom/bytedance/corecamera/ui/view/CameraShadeView;->onAttachedToWindow()V
PASS	Lcom/bytedance/corecamera/ui/view/CameraShadeView;->onDetachedFromWindow()V
PASS	Lcom/bytedance/corecamera/ui/view/CameraShadeView;->onDraw(Landroid/graphics/Canvas;)V
PASS	Lcom/bytedance/corecamera/ui/view/CameraShadeView;->onLayout(ZIIII)V
PASS	Lcom/bytedance/corecamera/ui/view/CameraShadeView;->setTopOffset(I)V
PASS	Lcom/bytedance/corecamera/ui/view/GestureBgLayout$a;->onDoubleTap(Landroid/view/MotionEvent;)Z
PASS	Lcom/bytedance/corecamera/ui/view/GestureBgLayout$a;->onSingleTapConfirmed(Landroid/view/MotionEvent;)Z
PASS	Lcom/bytedance/corecamera/ui/view/GestureBgLayout$c;->onSingleTapUp(Landroid/view/MotionEvent;)Z
PASS	Lcom/bytedance/corecamera/ui/view/GestureBgLayout;->onTouchEvent(Landroid/view/MotionEvent;)Z
PASS	Lcom/bytedance/push/PushServiceProvider;->triggerSignalReport(Ljava/lang/String;)V
PASS	Lcom/bytedance/push/client/intelligence/FeatureCollectionHelper;-><init>(Landroid/content/Context;)V
PASS	Lcom/bytedance/push/client/intelligence/FeatureCollectionHelper;->getClientFeatureSync(Ljava/lang/String;)Lorg/json/JSONObject;
PASS	Lcom/bytedance/push/client/intelligence/FeatureCollectionHelper;->setAllowCollectClientFeature(Z)V
PASS	Lcom/bytedance/push/event/sync/SignalReceiver;->onReceive(Landroid/content/Context;Landroid/content/Intent;)V
PASS	Lcom/bytedance/push/third/PushManager;->isPushAvailable(Landroid/content/Context;I)Z
PASS	Lcom/bytedance/push/third/PushManager;->needDisableChannelInvoke(Landroid/content/Context;I)Z
PASS	Lcom/bytedance/push/third/PushManager;->registerPush(Landroid/content/Context;I)V
PASS	Lcom/bytedance/push/third/PushManager;->setAlias(Landroid/content/Context;Ljava/lang/String;I)V
PASS	Lcom/bytedance/push/third/PushManager;->trackPush(Landroid/content/Context;ILjava/lang/Object;)V
PASS	Lcom/fcm/FcmPushAdapter;->isPushAvailable(Landroid/content/Context;I)Z
PASS	Lcom/fcm/FcmPushAdapter;->registerPush(Landroid/content/Context;I)V
PASS	Lcom/fcm/service/FcmRegistrationJobIntentService;->onHandleWork(Landroid/content/Intent;)V
PASS	Lcom/hiro/ulike/AsyncSave1935$1;-><init>()V
PASS	Lcom/hiro/ulike/AsyncSave1935$1;->newThread(Ljava/lang/Runnable;)Ljava/lang/Thread;
PASS	Lcom/hiro/ulike/AsyncSave1935$2;-><init>(Ljava/lang/Object;)V
PASS	Lcom/hiro/ulike/AsyncSave1935$2;->run()V
PASS	Lcom/hiro/ulike/AsyncSave1935$3;-><init>(Lcom/hiro/ulike/AsyncSave1935$Job;)V
PASS	Lcom/hiro/ulike/AsyncSave1935$3;->run()V
PASS	Lcom/hiro/ulike/AsyncSave1935$4;-><init>(Lcom/hiro/ulike/AsyncSave1935$Job;Ljava/util/concurrent/CountDownLatch;)V
PASS	Lcom/hiro/ulike/AsyncSave1935$4;->run()V
PASS	Lcom/hiro/ulike/AsyncSave1935$5;-><init>(Ljava/lang/Object;)V
PASS	Lcom/hiro/ulike/AsyncSave1935$5;->run()V
PASS	Lcom/hiro/ulike/AsyncSave1935$Job;-><init>(Ljava/lang/Object;Landroid/graphics/Bitmap;Ljava/lang/Object;Ljava/lang/Object;Lcom/hiro/ulike/AsyncSave1935$Ticket;ZZ)V
PASS	Lcom/hiro/ulike/AsyncSave1935$Job;->run()V
PASS	Lcom/hiro/ulike/AsyncSave1935$Ticket;-><init>(J)V
PASS	Lcom/hiro/ulike/AsyncSave1935;-><clinit>()V
PASS	Lcom/hiro/ulike/AsyncSave1935;-><init>()V
PASS	Lcom/hiro/ulike/AsyncSave1935;->access$000(Ljava/lang/Object;Ljava/lang/String;)Ljava/lang/Object;
PASS	Lcom/hiro/ulike/AsyncSave1935;->access$100()Ljava/lang/ThreadLocal;
PASS	Lcom/hiro/ulike/AsyncSave1935;->access$1000()V
PASS	Lcom/hiro/ulike/AsyncSave1935;->access$200(Ljava/lang/Object;Ljava/lang/String;Ljava/lang/Object;)V
PASS	Lcom/hiro/ulike/AsyncSave1935;->access$300(Ljava/lang/Object;Ljava/lang/String;[Ljava/lang/Class;[Ljava/lang/Object;)Ljava/lang/Object;
PASS	Lcom/hiro/ulike/AsyncSave1935;->access$400(Lcom/hiro/ulike/AsyncSave1935$Job;)V
PASS	Lcom/hiro/ulike/AsyncSave1935;->access$500(Z)V
PASS	Lcom/hiro/ulike/AsyncSave1935;->access$600()Ljava/util/IdentityHashMap;
PASS	Lcom/hiro/ulike/AsyncSave1935;->access$700()J
PASS	Lcom/hiro/ulike/AsyncSave1935;->access$802(Z)Z
PASS	Lcom/hiro/ulike/AsyncSave1935;->access$900(Ljava/lang/Object;)V
PASS	Lcom/hiro/ulike/AsyncSave1935;->available()J
PASS	Lcom/hiro/ulike/AsyncSave1935;->call(Ljava/lang/Object;Ljava/lang/String;[Ljava/lang/Class;[Ljava/lang/Object;)Ljava/lang/Object;
PASS	Lcom/hiro/ulike/AsyncSave1935;->callStatic(Ljava/lang/String;Ljava/lang/String;[Ljava/lang/Class;[Ljava/lang/Object;)Ljava/lang/Object;
PASS	Lcom/hiro/ulike/AsyncSave1935;->captureBlocked()Z
PASS	Lcom/hiro/ulike/AsyncSave1935;->captureTask(Ljava/lang/Object;)V
PASS	Lcom/hiro/ulike/AsyncSave1935;->chroma(Z)Z
PASS	Lcom/hiro/ulike/AsyncSave1935;->currentInputPixels()J
PASS	Lcom/hiro/ulike/AsyncSave1935;->encoding(Landroid/graphics/Bitmap;)V
PASS	Lcom/hiro/ulike/AsyncSave1935;->failedCapture(Ljava/lang/Object;Landroid/graphics/Bitmap;)V
PASS	Lcom/hiro/ulike/AsyncSave1935;->failureOnMain(Ljava/lang/Object;)V
PASS	Lcom/hiro/ulike/AsyncSave1935;->field(Ljava/lang/Object;Ljava/lang/String;)Ljava/lang/Object;
PASS	Lcom/hiro/ulike/AsyncSave1935;->finishOnMain(Lcom/hiro/ulike/AsyncSave1935$Job;)V
PASS	Lcom/hiro/ulike/AsyncSave1935;->fixed(Z)Z
PASS	Lcom/hiro/ulike/AsyncSave1935;->invokeCaptureFinish(Ljava/lang/Object;)V
PASS	Lcom/hiro/ulike/AsyncSave1935;->main(Ljava/lang/Runnable;)Z
PASS	Lcom/hiro/ulike/AsyncSave1935;->readiness(Ljava/lang/Object;)I
PASS	Lcom/hiro/ulike/AsyncSave1935;->releaseCapture(Lcom/hiro/ulike/AsyncSave1935$Job;)V
PASS	Lcom/hiro/ulike/AsyncSave1935;->releaseReservation(Z)V
PASS	Lcom/hiro/ulike/AsyncSave1935;->set(Ljava/lang/Object;Ljava/lang/String;Ljava/lang/Object;)V
PASS	Lcom/hiro/ulike/AsyncSave1935;->settings(Lcom/hiro/ulike/PhotoDetail$Settings;)Lcom/hiro/ulike/PhotoDetail$Settings;
PASS	Lcom/hiro/ulike/AsyncSave1935;->showFailure()V
PASS	Lcom/hiro/ulike/AsyncSave1935;->staticField(Ljava/lang/String;Ljava/lang/String;)Ljava/lang/Object;
PASS	Lcom/hiro/ulike/AsyncSave1935;->submitAuto(Ljava/lang/Object;II)V
PASS	Lcom/hiro/ulike/BackExit185$1;-><init>(Lcom/hiro/ulike/BackExit185;)V
PASS	Lcom/hiro/ulike/BackExit185$1;->cancelled()V
PASS	Lcom/hiro/ulike/BackExit185$1;->captureBusy()Z
PASS	Lcom/hiro/ulike/BackExit185$1;->closeScreens()V
PASS	Lcom/hiro/ulike/BackExit185$1;->failureStamp()J
PASS	Lcom/hiro/ulike/BackExit185$1;->now()J
PASS	Lcom/hiro/ulike/BackExit185$1;->recording()Z
PASS	Lcom/hiro/ulike/BackExit185$1;->requestRecordStop()Z
PASS	Lcom/hiro/ulike/BackExit185$1;->saveBusy()Z
PASS	Lcom/hiro/ulike/BackExit185$1;->schedule(J)V
PASS	Lcom/hiro/ulike/BackExit185$1;->seal()Z
PASS	Lcom/hiro/ulike/BackExit185$1;->terminate()V
PASS	Lcom/hiro/ulike/BackExit185$1;->waiting()V
PASS	Lcom/hiro/ulike/BackExit185$2;-><init>(Lcom/hiro/ulike/BackExit185;)V
PASS	Lcom/hiro/ulike/BackExit185$2;->run()V
PASS	Lcom/hiro/ulike/BackExit185$3;-><init>(Lcom/hiro/ulike/BackExit185;Landroid/app/Activity;)V
PASS	Lcom/hiro/ulike/BackExit185$3;->run()V
PASS	Lcom/hiro/ulike/BackExit185$4;-><init>(Lcom/hiro/ulike/BackExit185;Landroid/app/Activity;)V
PASS	Lcom/hiro/ulike/BackExit185$4;->run()V
PASS	Lcom/hiro/ulike/BackExit185$Hook$1;-><init>(Lcom/hiro/ulike/BackExit185$Hook;)V
PASS	Lcom/hiro/ulike/BackExit185$Hook$1;->invoke(Ljava/lang/Object;Ljava/lang/reflect/Method;[Ljava/lang/Object;)Ljava/lang/Object;
PASS	Lcom/hiro/ulike/BackExit185$Hook;-><init>(Lcom/hiro/ulike/BackExit185;Landroid/app/Activity;Landroid/view/Window$Callback;)V
PASS	Lcom/hiro/ulike/BackExit185$Hook;->invoke(Ljava/lang/Object;Ljava/lang/reflect/Method;[Ljava/lang/Object;)Ljava/lang/Object;
PASS	Lcom/hiro/ulike/BackExit185$Hook;->registerBack()V
PASS	Lcom/hiro/ulike/BackExit185$Hook;->unregisterBack()V
PASS	Lcom/hiro/ulike/BackExit185;-><init>(Landroid/app/Application;)V
PASS	Lcom/hiro/ulike/BackExit185;->access$000(Lcom/hiro/ulike/BackExit185;)Z
PASS	Lcom/hiro/ulike/BackExit185;->access$100(Lcom/hiro/ulike/BackExit185;)Z
PASS	Lcom/hiro/ulike/BackExit185;->access$1000(Lcom/hiro/ulike/BackExit185;Landroid/app/Activity;)V
PASS	Lcom/hiro/ulike/BackExit185;->access$1100(Lcom/hiro/ulike/BackExit185;Landroid/app/Activity;)V
PASS	Lcom/hiro/ulike/BackExit185;->access$200(Ljava/lang/String;Ljava/lang/String;)Z
PASS	Lcom/hiro/ulike/BackExit185;->access$300(Lcom/hiro/ulike/BackExit185;)V
PASS	Lcom/hiro/ulike/BackExit185;->access$400(Lcom/hiro/ulike/BackExit185;)V
PASS	Lcom/hiro/ulike/BackExit185;->access$500(Lcom/hiro/ulike/BackExit185;)V
PASS	Lcom/hiro/ulike/BackExit185;->access$600(Lcom/hiro/ulike/BackExit185;)Landroid/app/Application;
PASS	Lcom/hiro/ulike/BackExit185;->access$700(Lcom/hiro/ulike/BackExit185;)Ljava/lang/Runnable;
PASS	Lcom/hiro/ulike/BackExit185;->access$800(Lcom/hiro/ulike/BackExit185;)Landroid/os/Handler;
PASS	Lcom/hiro/ulike/BackExit185;->access$900(Lcom/hiro/ulike/BackExit185;)Lcom/hiro/ulike/ExitFlow185;
PASS	Lcom/hiro/ulike/BackExit185;->attach(Landroid/app/Activity;)V
PASS	Lcom/hiro/ulike/BackExit185;->bool(Ljava/lang/String;Ljava/lang/String;)Z
PASS	Lcom/hiro/ulike/BackExit185;->cancelExit1921(Lcom/hiro/ulike/BackExit185;)Z
PASS	Lcom/hiro/ulike/BackExit185;->captureBusy()Z
PASS	Lcom/hiro/ulike/BackExit185;->finishOwnAuxiliaryProcesses()V
PASS	Lcom/hiro/ulike/BackExit185;->finishOwnTasks()V
PASS	Lcom/hiro/ulike/BackExit185;->install(Landroid/content/Context;)V
PASS	Lcom/hiro/ulike/BackExit185;->isMainProcess(Landroid/app/Application;)Z
PASS	Lcom/hiro/ulike/BackExit185;->onActivityCreated(Landroid/app/Activity;Landroid/os/Bundle;)V
PASS	Lcom/hiro/ulike/BackExit185;->onActivityDestroyed(Landroid/app/Activity;)V
PASS	Lcom/hiro/ulike/BackExit185;->onActivityPaused(Landroid/app/Activity;)V
PASS	Lcom/hiro/ulike/BackExit185;->onActivityResumed(Landroid/app/Activity;)V
PASS	Lcom/hiro/ulike/BackExit185;->onActivitySaveInstanceState(Landroid/app/Activity;Landroid/os/Bundle;)V
PASS	Lcom/hiro/ulike/BackExit185;->onActivityStarted(Landroid/app/Activity;)V
PASS	Lcom/hiro/ulike/BackExit185;->onActivityStopped(Landroid/app/Activity;)V
PASS	Lcom/hiro/ulike/BackExit185;->request(Landroid/app/Activity;)V
PASS	Lcom/hiro/ulike/BackExit185;->requestOnMain1920(Lcom/hiro/ulike/BackExit185;Landroid/app/Activity;)V
PASS	Lcom/hiro/ulike/BackExit185;->saveBusy()Z
PASS	Lcom/hiro/ulike/BackExit185;->stopOwnServices()V
PASS	Lcom/hiro/ulike/BackExit185;->value(Ljava/lang/String;Ljava/lang/String;)Ljava/lang/Object;
PASS	Lcom/hiro/ulike/BackRoute1920$1;-><init>(Landroid/app/Activity;Lcom/hiro/ulike/BackExit185;)V
PASS	Lcom/hiro/ulike/BackRoute1920$1;->run()V
PASS	Lcom/hiro/ulike/BackRoute1920;-><init>()V
PASS	Lcom/hiro/ulike/BackRoute1920;->consume(Lcom/hiro/ulike/BackExit185;Landroid/app/Activity;)Z
PASS	Lcom/hiro/ulike/BlackTap1925;-><clinit>()V
PASS	Lcom/hiro/ulike/BlackTap1925;-><init>()V
PASS	Lcom/hiro/ulike/BlackTap1925;->black(Lcom/bytedance/corecamera/ui/view/GestureBgLayout;Landroid/view/MotionEvent;)Z
PASS	Lcom/hiro/ulike/BlackTap1925;->camera(Lcom/bytedance/corecamera/ui/view/GestureBgLayout;)Z
PASS	Lcom/hiro/ulike/BlackTap1925;->confirmed(Lcom/bytedance/corecamera/ui/view/GestureBgLayout;Landroid/view/MotionEvent;)Z
PASS	Lcom/hiro/ulike/BlackTap1925;->detached(Lcom/bytedance/corecamera/ui/view/GestureBgLayout;)V
PASS	Lcom/hiro/ulike/BlackTap1925;->doubleTap(Lcom/bytedance/corecamera/ui/view/GestureBgLayout;Landroid/view/MotionEvent;)Z
PASS	Lcom/hiro/ulike/BlackTap1925;->live(Lcom/bytedance/corecamera/ui/view/GestureBgLayout;)Z
PASS	Lcom/hiro/ulike/BlackTap1925;->outside(Landroid/graphics/RectF;FFII)Z
PASS	Lcom/hiro/ulike/BlackTap1925;->reset(Lcom/bytedance/corecamera/ui/view/GestureBgLayout;Landroid/view/MotionEvent;)V
PASS	Lcom/hiro/ulike/BlackTap1925;->singleUp(Lcom/bytedance/corecamera/ui/view/GestureBgLayout;Landroid/view/MotionEvent;)Z
PASS	Lcom/hiro/ulike/BlackTap1925;->ui()Z
PASS	Lcom/hiro/ulike/Brightness163$1;-><init>(Landroid/view/View;JJI)V
PASS	Lcom/hiro/ulike/Brightness163$1;->run()V
PASS	Lcom/hiro/ulike/Brightness163;-><clinit>()V
PASS	Lcom/hiro/ulike/Brightness163;-><init>()V
PASS	Lcom/hiro/ulike/Brightness163;->access$000()Ljava/util/WeakHashMap;
PASS	Lcom/hiro/ulike/Brightness163;->access$100()J
PASS	Lcom/hiro/ulike/Brightness163;->access$200()Lcom/hiro/ulike/BrightnessChoice163;
PASS	Lcom/hiro/ulike/Brightness163;->access$300()Ljava/lang/ThreadLocal;
PASS	Lcom/hiro/ulike/Brightness163;->access$400(Ljava/lang/Object;Ljava/lang/String;)Ljava/lang/reflect/Field;
PASS	Lcom/hiro/ulike/Brightness163;->access$500(Ljava/lang/String;Ljava/lang/Throwable;)V
PASS	Lcom/hiro/ulike/Brightness163;->bar(Landroid/view/View;)V
PASS	Lcom/hiro/ulike/Brightness163;->bind(Ljava/lang/Object;Landroid/view/View;)V
PASS	Lcom/hiro/ulike/Brightness163;->call(Ljava/lang/Object;Ljava/lang/String;)Ljava/lang/Object;
PASS	Lcom/hiro/ulike/Brightness163;->cameraReady(Ljava/lang/Object;Z)V
PASS	Lcom/hiro/ulike/Brightness163;->cameraRoute()Z
PASS	Lcom/hiro/ulike/Brightness163;->effective(Ljava/lang/Object;Z)F
PASS	Lcom/hiro/ulike/Brightness163;->exposure(Ljava/lang/Object;FZ)F
PASS	Lcom/hiro/ulike/Brightness163;->field(Ljava/lang/Object;Ljava/lang/String;)Ljava/lang/reflect/Field;
PASS	Lcom/hiro/ulike/Brightness163;->fromController(Ljava/lang/Object;)Ljava/lang/Object;
PASS	Lcom/hiro/ulike/Brightness163;->get(Ljava/lang/Object;Ljava/lang/String;)Ljava/lang/Object;
PASS	Lcom/hiro/ulike/Brightness163;->hydrate(Ljava/lang/Object;)V
PASS	Lcom/hiro/ulike/Brightness163;->index(Ljava/lang/Object;I)I
PASS	Lcom/hiro/ulike/Brightness163;->init(Landroid/content/Context;)V
PASS	Lcom/hiro/ulike/Brightness163;->log(Ljava/lang/String;Ljava/lang/Throwable;)V
PASS	Lcom/hiro/ulike/Brightness163;->range(Ljava/lang/Object;)[F
PASS	Lcom/hiro/ulike/Brightness163;->refreshUi(F)V
PASS	Lcom/hiro/ulike/Brightness163;->register(Ljava/lang/Object;)V
PASS	Lcom/hiro/ulike/Brightness163;->setBar(Landroid/view/View;IJ)V
PASS	Lcom/hiro/ulike/Brightness163;->user(Ljava/lang/Object;I)V
PASS	Lcom/hiro/ulike/BrightnessChoice163;-><init>(ZFZF)V
PASS	Lcom/hiro/ulike/BrightnessChoice163;->applied(ZIIF)F
PASS	Lcom/hiro/ulike/BrightnessChoice163;->clamp(III)I
PASS	Lcom/hiro/ulike/BrightnessChoice163;->finite(F)Z
PASS	Lcom/hiro/ulike/BrightnessChoice163;->fraction(I)F
PASS	Lcom/hiro/ulike/BrightnessChoice163;->index(IIIF)I
PASS	Lcom/hiro/ulike/BrightnessChoice163;->level(ZIIF)I
PASS	Lcom/hiro/ulike/BrightnessChoice163;->user(IZIIF)Lcom/hiro/ulike/BrightnessChoice163;
PASS	Lcom/hiro/ulike/BrightnessChoice163;->valid(IIF)Z
PASS	Lcom/hiro/ulike/BrightnessFields188$Entry;-><init>(Ljava/lang/reflect/Field;)V
PASS	Lcom/hiro/ulike/BrightnessFields188;-><clinit>()V
PASS	Lcom/hiro/ulike/BrightnessFields188;-><init>()V
PASS	Lcom/hiro/ulike/BrightnessFields188;->field(Ljava/lang/Object;Ljava/lang/String;)Ljava/lang/reflect/Field;
PASS	Lcom/hiro/ulike/BrightnessUi188$Pending;-><init>(Landroid/view/View;)V
PASS	Lcom/hiro/ulike/BrightnessUi188$Pending;->run()V
PASS	Lcom/hiro/ulike/BrightnessUi188;-><clinit>()V
PASS	Lcom/hiro/ulike/BrightnessUi188;-><init>()V
PASS	Lcom/hiro/ulike/BrightnessUi188;->access$000()Ljava/util/WeakHashMap;
PASS	Lcom/hiro/ulike/BrightnessUi188;->access$100(Landroid/view/View;IJJ)V
PASS	Lcom/hiro/ulike/BrightnessUi188;->apply(Landroid/view/View;IJJ)V
PASS	Lcom/hiro/ulike/BrightnessUi188;->offer(Landroid/view/View;IJJ)V
PASS	Lcom/hiro/ulike/BurstCapture1933$10;-><init>(Lcom/hiro/ulike/BurstCapture1933$State;Lcom/hiro/ulike/BurstCapture1933$Work;)V
PASS	Lcom/hiro/ulike/BurstCapture1933$10;->run()V
PASS	Lcom/hiro/ulike/BurstCapture1933$11;-><init>(Lcom/hiro/ulike/BurstCapture1933$State;)V
PASS	Lcom/hiro/ulike/BurstCapture1933$11;->run()V
PASS	Lcom/hiro/ulike/BurstCapture1933$12;-><init>(Lcom/hiro/ulike/BurstCapture1933$Deferred;)V
PASS	Lcom/hiro/ulike/BurstCapture1933$12;->run()V
PASS	Lcom/hiro/ulike/BurstCapture1933$1;-><init>(Lcom/hiro/ulike/BurstCapture1933$Deferred;)V
PASS	Lcom/hiro/ulike/BurstCapture1933$1;->run()V
PASS	Lcom/hiro/ulike/BurstCapture1933$2;-><init>(Lcom/hiro/ulike/BurstCapture1933$Deferred;)V
PASS	Lcom/hiro/ulike/BurstCapture1933$2;->run()V
PASS	Lcom/hiro/ulike/BurstCapture1933$3;-><init>(Lcom/hiro/ulike/BurstCapture1933$State;[BJ)V
PASS	Lcom/hiro/ulike/BurstCapture1933$3;->run()V
PASS	Lcom/hiro/ulike/BurstCapture1933$4;-><init>(Lcom/hiro/ulike/BurstCapture1933$State;)V
PASS	Lcom/hiro/ulike/BurstCapture1933$4;->run()V
PASS	Lcom/hiro/ulike/BurstCapture1933$5;-><init>(Lcom/hiro/ulike/BurstCapture1933$State;Landroid/hardware/camera2/CaptureRequest;Lcom/hiro/ulike/BurstCapture1933$Ticket;)V
PASS	Lcom/hiro/ulike/BurstCapture1933$5;->onCaptureBufferLost(Landroid/hardware/camera2/CameraCaptureSession;Landroid/hardware/camera2/CaptureRequest;Landroid/view/Surface;J)V
PASS	Lcom/hiro/ulike/BurstCapture1933$5;->onCaptureCompleted(Landroid/hardware/camera2/CameraCaptureSession;Landroid/hardware/camera2/CaptureRequest;Landroid/hardware/camera2/TotalCaptureResult;)V
PASS	Lcom/hiro/ulike/BurstCapture1933$5;->onCaptureFailed(Landroid/hardware/camera2/CameraCaptureSession;Landroid/hardware/camera2/CaptureRequest;Landroid/hardware/camera2/CaptureFailure;)V
PASS	Lcom/hiro/ulike/BurstCapture1933$5;->onCaptureSequenceAborted(Landroid/hardware/camera2/CameraCaptureSession;I)V
PASS	Lcom/hiro/ulike/BurstCapture1933$5;->onCaptureStarted(Landroid/hardware/camera2/CameraCaptureSession;Landroid/hardware/camera2/CaptureRequest;JJ)V
PASS	Lcom/hiro/ulike/BurstCapture1933$6;-><init>(Lcom/hiro/ulike/BurstCapture1933$State;JLandroid/hardware/camera2/CaptureRequest;)V
PASS	Lcom/hiro/ulike/BurstCapture1933$6;->run()V
PASS	Lcom/hiro/ulike/BurstCapture1933$7$1;-><init>(Lcom/hiro/ulike/BurstCapture1933$7;Lcom/hiro/ulike/FusionPixels1933$Motion;)V
PASS	Lcom/hiro/ulike/BurstCapture1933$7$1;->run()V
PASS	Lcom/hiro/ulike/BurstCapture1933$7;-><init>(Lcom/hiro/ulike/BurstCapture1933$Frame;Lcom/hiro/ulike/BurstCapture1933$Frame;Lcom/hiro/ulike/BurstCapture1933$State;)V
PASS	Lcom/hiro/ulike/BurstCapture1933$7;->run()Ljava/lang/Runnable;
PASS	Lcom/hiro/ulike/BurstCapture1933$8;-><init>(Lcom/hiro/ulike/BurstCapture1933$State;)V
PASS	Lcom/hiro/ulike/BurstCapture1933$8;->run()V
PASS	Lcom/hiro/ulike/BurstCapture1933$9$1;-><init>(Lcom/hiro/ulike/BurstCapture1933$9;Lcom/hiro/ulike/BurstCapture1933$Frame;[B)V
PASS	Lcom/hiro/ulike/BurstCapture1933$9$1;->run()V
PASS	Lcom/hiro/ulike/BurstCapture1933$9;-><init>(Lcom/hiro/ulike/BurstCapture1933$State;)V
PASS	Lcom/hiro/ulike/BurstCapture1933$9;->run()Ljava/lang/Runnable;
PASS	Lcom/hiro/ulike/BurstCapture1933$Deferred;-><init>(Lcom/hiro/ulike/BurstCapture1933$Source;Landroid/media/Image;JLandroid/os/Handler;)V
PASS	Lcom/hiro/ulike/BurstCapture1933$Epoch;-><init>(Ljava/lang/Object;)V
PASS	Lcom/hiro/ulike/BurstCapture1933$Frame;-><init>([BJLandroid/hardware/camera2/TotalCaptureResult;Landroid/hardware/camera2/CaptureResult;)V
PASS	Lcom/hiro/ulike/BurstCapture1933$NativeBridge;-><init>(Ljava/lang/Object;Ljava/lang/Object;Ljava/lang/Object;)V
PASS	Lcom/hiro/ulike/BurstCapture1933$NativeBridge;->deliver([BIIILandroid/hardware/camera2/TotalCaptureResult;)V
PASS	Lcom/hiro/ulike/BurstCapture1933$NativeBridge;->fail(Ljava/lang/Exception;I)V
PASS	Lcom/hiro/ulike/BurstCapture1933$Replay;-><init>(Ljava/lang/Object;Landroid/media/ImageReader;Landroid/media/Image;)V
PASS	Lcom/hiro/ulike/BurstCapture1933$ResultStamp;-><init>(Ljava/lang/Object;Landroid/hardware/camera2/CaptureResult;)V
PASS	Lcom/hiro/ulike/BurstCapture1933$Retired;-><init>(Landroid/media/ImageReader;J)V
PASS	Lcom/hiro/ulike/BurstCapture1933$Source;-><init>(Ljava/lang/Object;Landroid/media/Image;Landroid/media/ImageReader;Ljava/lang/Object;Z)V
PASS	Lcom/hiro/ulike/BurstCapture1933$State;-><init>(Ljava/lang/Object;Ljava/lang/Object;Ljava/lang/Object;Ljava/lang/Object;Landroid/hardware/camera2/CameraDevice;Landroid/hardware/camera2/CameraCaptureSession;Landroid/hardware/camera2/CameraCharacteristics;Landroid/hardware/camera2/CameraCharacteristics;Landroid/media/ImageReader;Landroid/os/Handler;Lcom/hiro/ulike/BurstCapture1933$NativeBridge;Ljava/lang/String;IIIIIZJJIILcom/hiro/ulike/BurstCapture1933$Frame;)V
PASS	Lcom/hiro/ulike/BurstCapture1933$Ticket;-><init>(Lcom/hiro/ulike/BurstCapture1933$State;Landroid/hardware/camera2/CaptureRequest;)V
PASS	Lcom/hiro/ulike/BurstCapture1933;-><clinit>()V
PASS	Lcom/hiro/ulike/BurstCapture1933;-><init>()V
PASS	Lcom/hiro/ulike/BurstCapture1933;->access$000(Ljava/lang/Object;)Lcom/hiro/ulike/BurstCapture1933$Epoch;
PASS	Lcom/hiro/ulike/BurstCapture1933;->access$100(Ljava/lang/Object;Ljava/lang/String;)Ljava/lang/Object;
PASS	Lcom/hiro/ulike/BurstCapture1933;->access$1000(Landroid/hardware/camera2/CaptureResult;Ljava/lang/String;)Landroid/hardware/camera2/CaptureResult;
PASS	Lcom/hiro/ulike/BurstCapture1933;->access$1100(Lcom/hiro/ulike/BurstCapture1933$State;)V
PASS	Lcom/hiro/ulike/BurstCapture1933;->access$1200(Lcom/hiro/ulike/BurstCapture1933$State;)V
PASS	Lcom/hiro/ulike/BurstCapture1933;->access$1300(Ljava/lang/Object;I)I
PASS	Lcom/hiro/ulike/BurstCapture1933;->access$1400()Ljava/lang/Object;
PASS	Lcom/hiro/ulike/BurstCapture1933;->access$1502(Z)Z
PASS	Lcom/hiro/ulike/BurstCapture1933;->access$1600(Lcom/hiro/ulike/BurstCapture1933$State;)V
PASS	Lcom/hiro/ulike/BurstCapture1933;->access$1700(Lcom/hiro/ulike/BurstCapture1933$State;)V
PASS	Lcom/hiro/ulike/BurstCapture1933;->access$1800(Lcom/hiro/ulike/BurstCapture1933$State;)V
PASS	Lcom/hiro/ulike/BurstCapture1933;->access$1900(Lcom/hiro/ulike/BurstCapture1933$Epoch;Ljava/lang/Object;)Z
PASS	Lcom/hiro/ulike/BurstCapture1933;->access$200(Ljava/lang/Integer;)I
PASS	Lcom/hiro/ulike/BurstCapture1933;->access$2000(Lcom/hiro/ulike/BurstCapture1933$Epoch;Ljava/lang/Object;Ljava/lang/Exception;I)V
PASS	Lcom/hiro/ulike/BurstCapture1933;->access$300(Ljava/lang/Long;)J
PASS	Lcom/hiro/ulike/BurstCapture1933;->access$400(Lcom/hiro/ulike/BurstCapture1933$Deferred;)V
PASS	Lcom/hiro/ulike/BurstCapture1933;->access$500(Lcom/hiro/ulike/BurstCapture1933$State;)Z
PASS	Lcom/hiro/ulike/BurstCapture1933;->access$600(Lcom/hiro/ulike/BurstCapture1933$State;)V
PASS	Lcom/hiro/ulike/BurstCapture1933;->access$700(Lcom/hiro/ulike/BurstCapture1933$State;)V
PASS	Lcom/hiro/ulike/BurstCapture1933;->access$800(Landroid/media/ImageReader;J)V
PASS	Lcom/hiro/ulike/BurstCapture1933;->access$900()V
PASS	Lcom/hiro/ulike/BurstCapture1933;->acquire(Ljava/lang/Object;Landroid/media/ImageReader;)Landroid/media/Image;
PASS	Lcom/hiro/ulike/BurstCapture1933;->acquireStill(Ljava/lang/Object;Landroid/media/ImageReader;)Landroid/media/Image;
PASS	Lcom/hiro/ulike/BurstCapture1933;->acquireYuv(Ljava/lang/Object;Ljava/lang/Object;Landroid/media/ImageReader;)Landroid/media/Image;
PASS	Lcom/hiro/ulike/BurstCapture1933;->ambiguous(Landroid/media/ImageReader;)Z
PASS	Lcom/hiro/ulike/BurstCapture1933;->availableMemory()J
PASS	Lcom/hiro/ulike/BurstCapture1933;->beginImage(Ljava/lang/Object;Landroid/media/Image;Landroid/hardware/camera2/TotalCaptureResult;)Z
PASS	Lcom/hiro/ulike/BurstCapture1933;->canceled(Ljava/lang/Object;)V
PASS	Lcom/hiro/ulike/BurstCapture1933;->castCharacteristics(Ljava/lang/Object;)Landroid/hardware/camera2/CameraCharacteristics;
PASS	Lcom/hiro/ulike/BurstCapture1933;->castDevice(Ljava/lang/Object;)Landroid/hardware/camera2/CameraDevice;
PASS	Lcom/hiro/ulike/BurstCapture1933;->castHandler(Ljava/lang/Object;)Landroid/os/Handler;
PASS	Lcom/hiro/ulike/BurstCapture1933;->castSession(Ljava/lang/Object;)Landroid/hardware/camera2/CameraCaptureSession;
PASS	Lcom/hiro/ulike/BurstCapture1933;->close(Landroid/media/Image;)V
PASS	Lcom/hiro/ulike/BurstCapture1933;->contains([II)Z
PASS	Lcom/hiro/ulike/BurstCapture1933;->copyNv21(Landroid/media/Image;)[B
PASS	Lcom/hiro/ulike/BurstCapture1933;->current(Lcom/hiro/ulike/BurstCapture1933$State;)Z
PASS	Lcom/hiro/ulike/BurstCapture1933;->deliverFallbackSoon(Lcom/hiro/ulike/BurstCapture1933$State;)V
PASS	Lcom/hiro/ulike/BurstCapture1933;->dispose(Lcom/hiro/ulike/BurstCapture1933$State;)V
PASS	Lcom/hiro/ulike/BurstCapture1933;->epoch(Ljava/lang/Object;)Lcom/hiro/ulike/BurstCapture1933$Epoch;
PASS	Lcom/hiro/ulike/BurstCapture1933;->equal(Ljava/lang/Object;Ljava/lang/Object;)Z
PASS	Lcom/hiro/ulike/BurstCapture1933;->failCallback(Lcom/hiro/ulike/BurstCapture1933$Epoch;Ljava/lang/Object;Ljava/lang/Exception;I)V
PASS	Lcom/hiro/ulike/BurstCapture1933;->failUnavailable(Lcom/hiro/ulike/BurstCapture1933$State;)V
PASS	Lcom/hiro/ulike/BurstCapture1933;->failureFor(Lcom/hiro/ulike/BurstCapture1933$Deferred;Ljava/lang/String;)V
PASS	Lcom/hiro/ulike/BurstCapture1933;->field(Ljava/lang/Object;Ljava/lang/String;)Ljava/lang/Object;
PASS	Lcom/hiro/ulike/BurstCapture1933;->finish(Lcom/hiro/ulike/BurstCapture1933$State;)V
PASS	Lcom/hiro/ulike/BurstCapture1933;->finishSoon(Lcom/hiro/ulike/BurstCapture1933$State;)V
PASS	Lcom/hiro/ulike/BurstCapture1933;->flash(Landroid/hardware/camera2/CaptureResult;)Z
PASS	Lcom/hiro/ulike/BurstCapture1933;->imageArrived(Lcom/hiro/ulike/BurstCapture1933$Source;Landroid/media/Image;)Z
PASS	Lcom/hiro/ulike/BurstCapture1933;->integer(Ljava/lang/Object;I)I
PASS	Lcom/hiro/ulike/BurstCapture1933;->near(DDD)Z
PASS	Lcom/hiro/ulike/BurstCapture1933;->nearNullable(Ljava/lang/Float;Ljava/lang/Float;D)Z
PASS	Lcom/hiro/ulike/BurstCapture1933;->newBuilder(Lcom/hiro/ulike/BurstCapture1933$State;)Landroid/hardware/camera2/CaptureRequest$Builder;
PASS	Lcom/hiro/ulike/BurstCapture1933;->notification(Lcom/hiro/ulike/BurstCapture1933$Epoch;Ljava/lang/Object;)Z
PASS	Lcom/hiro/ulike/BurstCapture1933;->observedResult(Ljava/lang/Object;Landroid/hardware/camera2/CaptureResult;)V
PASS	Lcom/hiro/ulike/BurstCapture1933;->ordinaryProof(Ljava/lang/Object;Ljava/lang/Object;J)Z
PASS	Lcom/hiro/ulike/BurstCapture1933;->pair(Lcom/hiro/ulike/BurstCapture1933$State;)V
PASS	Lcom/hiro/ulike/BurstCapture1933;->pendingProof(Lcom/hiro/ulike/BurstCapture1933$State;Ljava/lang/Object;Landroid/media/ImageReader;J)Z
PASS	Lcom/hiro/ulike/BurstCapture1933;->positive(Ljava/lang/Integer;)I
PASS	Lcom/hiro/ulike/BurstCapture1933;->positive(Ljava/lang/Long;)J
PASS	Lcom/hiro/ulike/BurstCapture1933;->pruneRetired()V
PASS	Lcom/hiro/ulike/BurstCapture1933;->reclaimReplay(Lcom/hiro/ulike/BurstCapture1933$Deferred;Lcom/hiro/ulike/BurstCapture1933$Replay;)V
PASS	Lcom/hiro/ulike/BurstCapture1933;->recognized(Ljava/lang/Object;)Z
PASS	Lcom/hiro/ulike/BurstCapture1933;->remember(Lcom/hiro/ulike/BurstCapture1933$Source;)V
PASS	Lcom/hiro/ulike/BurstCapture1933;->replay(Lcom/hiro/ulike/BurstCapture1933$Deferred;)V
PASS	Lcom/hiro/ulike/BurstCapture1933;->requestNext(Lcom/hiro/ulike/BurstCapture1933$State;)V
PASS	Lcom/hiro/ulike/BurstCapture1933;->resolveDeferred(Lcom/hiro/ulike/BurstCapture1933$Deferred;)V
PASS	Lcom/hiro/ulike/BurstCapture1933;->retire(Landroid/media/ImageReader;J)V
PASS	Lcom/hiro/ulike/BurstCapture1933;->retireLocked(Landroid/media/ImageReader;J)V
PASS	Lcom/hiro/ulike/BurstCapture1933;->route(Landroid/hardware/camera2/CameraDevice;)Ljava/lang/Object;
PASS	Lcom/hiro/ulike/BurstCapture1933;->runWorker(Lcom/hiro/ulike/BurstCapture1933$State;Lcom/hiro/ulike/BurstCapture1933$Work;)V
PASS	Lcom/hiro/ulike/BurstCapture1933;->sameColour(Landroid/hardware/camera2/CaptureResult;Landroid/hardware/camera2/CaptureResult;)Z
PASS	Lcom/hiro/ulike/BurstCapture1933;->sameGeometry(Landroid/hardware/camera2/CaptureResult;Landroid/hardware/camera2/CaptureResult;)Z
PASS	Lcom/hiro/ulike/BurstCapture1933;->select(Landroid/hardware/camera2/CaptureResult;Ljava/lang/String;)Landroid/hardware/camera2/CaptureResult;
PASS	Lcom/hiro/ulike/BurstCapture1933;->sourceFor(Landroid/media/Image;Z)Lcom/hiro/ulike/BurstCapture1933$Source;
PASS	Lcom/hiro/ulike/BurstCapture1933;->stillImage(Ljava/lang/Object;Landroid/media/Image;)Z
PASS	Lcom/hiro/ulike/BurstCapture1933;->string(Ljava/lang/Object;)Ljava/lang/String;
PASS	Lcom/hiro/ulike/BurstCapture1933;->wakeDeferred()V
PASS	Lcom/hiro/ulike/BurstCapture1933;->yuvImage(Ljava/lang/Object;Ljava/lang/Object;Landroid/media/Image;)Z
PASS	Lcom/hiro/ulike/CameraPath185;-><init>()V
PASS	Lcom/hiro/ulike/CameraPath185;->normalize(Ljava/lang/String;)Ljava/lang/String;
PASS	Lcom/hiro/ulike/CameraSession1920$Ticket$1;-><init>(Lcom/hiro/ulike/CameraSession1920$Ticket;)V
PASS	Lcom/hiro/ulike/CameraSession1920$Ticket$1;->run()V
PASS	Lcom/hiro/ulike/CameraSession1920$Ticket;-><init>(Ljava/lang/Object;Lcom/hiro/ulike/CaptureAdvanced3$State;Ljava/util/concurrent/Executor;)V
PASS	Lcom/hiro/ulike/CameraSession1920$Ticket;->pending(Ljava/lang/Object;)Z
PASS	Lcom/hiro/ulike/CameraSession1920$Ticket;->run()V
PASS	Lcom/hiro/ulike/CameraSession1920;-><init>()V
PASS	Lcom/hiro/ulike/CameraSession1920;->acceptConfigured1920(Ljava/lang/Object;Lcom/hiro/ulike/CaptureAdvanced3$State;J)Z
PASS	Lcom/hiro/ulike/CameraSession1920;->session(Ljava/lang/Object;Landroid/hardware/camera2/CameraDevice;Landroid/hardware/camera2/params/SessionConfiguration;)V
PASS	Lcom/hiro/ulike/CaptureAdvanced3$$ExternalSyntheticLambda1;-><init>(Lcom/hiro/ulike/CaptureAdvanced3$State;JLjava/lang/Object;)V
PASS	Lcom/hiro/ulike/CaptureAdvanced3$$ExternalSyntheticLambda1;->run()V
PASS	Lcom/hiro/ulike/CaptureAdvanced3$$ExternalSyntheticLambda2;-><init>(Ljava/lang/Object;Lcom/hiro/ulike/CaptureAdvanced3$State;Ljava/lang/Object;)V
PASS	Lcom/hiro/ulike/CaptureAdvanced3$$ExternalSyntheticLambda2;->run()V
PASS	Lcom/hiro/ulike/CaptureAdvanced3$$ExternalSyntheticLambda3;-><init>()V
PASS	Lcom/hiro/ulike/CaptureAdvanced3$$ExternalSyntheticLambda3;->onPreferenceChange(Landroid/preference/Preference;Ljava/lang/Object;)Z
PASS	Lcom/hiro/ulike/CaptureAdvanced3$$ExternalSyntheticLambda4;-><init>()V
PASS	Lcom/hiro/ulike/CaptureAdvanced3$$ExternalSyntheticLambda4;->onPreferenceChange(Landroid/preference/Preference;Ljava/lang/Object;)Z
PASS	Lcom/hiro/ulike/CaptureAdvanced3$1;-><init>(Ljava/lang/Object;Lcom/hiro/ulike/CaptureAdvanced3$State;JLandroid/hardware/camera2/CameraCaptureSession$StateCallback;)V
PASS	Lcom/hiro/ulike/CaptureAdvanced3$1;->onActive(Landroid/hardware/camera2/CameraCaptureSession;)V
PASS	Lcom/hiro/ulike/CaptureAdvanced3$1;->onCaptureQueueEmpty(Landroid/hardware/camera2/CameraCaptureSession;)V
PASS	Lcom/hiro/ulike/CaptureAdvanced3$1;->onClosed(Landroid/hardware/camera2/CameraCaptureSession;)V
PASS	Lcom/hiro/ulike/CaptureAdvanced3$1;->onConfigureFailed(Landroid/hardware/camera2/CameraCaptureSession;)V
PASS	Lcom/hiro/ulike/CaptureAdvanced3$1;->onConfigured(Landroid/hardware/camera2/CameraCaptureSession;)V
PASS	Lcom/hiro/ulike/CaptureAdvanced3$1;->onReady(Landroid/hardware/camera2/CameraCaptureSession;)V
PASS	Lcom/hiro/ulike/CaptureAdvanced3$1;->onSurfacePrepared(Landroid/hardware/camera2/CameraCaptureSession;Landroid/view/Surface;)V
PASS	Lcom/hiro/ulike/CaptureAdvanced3$2;-><init>(Ljava/lang/Object;Lcom/hiro/ulike/CaptureAdvanced3$State;JLandroid/hardware/camera2/CameraCaptureSession$StateCallback;)V
PASS	Lcom/hiro/ulike/CaptureAdvanced3$2;->onActive(Landroid/hardware/camera2/CameraCaptureSession;)V
PASS	Lcom/hiro/ulike/CaptureAdvanced3$2;->onCaptureQueueEmpty(Landroid/hardware/camera2/CameraCaptureSession;)V
PASS	Lcom/hiro/ulike/CaptureAdvanced3$2;->onClosed(Landroid/hardware/camera2/CameraCaptureSession;)V
PASS	Lcom/hiro/ulike/CaptureAdvanced3$2;->onConfigureFailed(Landroid/hardware/camera2/CameraCaptureSession;)V
PASS	Lcom/hiro/ulike/CaptureAdvanced3$2;->onConfigured(Landroid/hardware/camera2/CameraCaptureSession;)V
PASS	Lcom/hiro/ulike/CaptureAdvanced3$2;->onReady(Landroid/hardware/camera2/CameraCaptureSession;)V
PASS	Lcom/hiro/ulike/CaptureAdvanced3$2;->onSurfacePrepared(Landroid/hardware/camera2/CameraCaptureSession;Landroid/view/Surface;)V
PASS	Lcom/hiro/ulike/CaptureAdvanced3$State;-><init>()V
PASS	Lcom/hiro/ulike/CaptureAdvanced3$State;-><init>(Lcom/hiro/ulike/CaptureAdvanced3$1;)V
PASS	Lcom/hiro/ulike/CaptureAdvanced3;-><clinit>()V
PASS	Lcom/hiro/ulike/CaptureAdvanced3;-><init>()V
PASS	Lcom/hiro/ulike/CaptureAdvanced3;->access$100(Ljava/lang/Object;Lcom/hiro/ulike/CaptureAdvanced3$State;)Z
PASS	Lcom/hiro/ulike/CaptureAdvanced3;->access$400(Ljava/lang/Object;Lcom/hiro/ulike/CaptureAdvanced3$State;Ljava/lang/Throwable;)V
PASS	Lcom/hiro/ulike/CaptureAdvanced3;->array(Landroid/graphics/Rect;)[I
PASS	Lcom/hiro/ulike/CaptureAdvanced3;->budget()J
PASS	Lcom/hiro/ulike/CaptureAdvanced3;->current(Ljava/lang/Object;Lcom/hiro/ulike/CaptureAdvanced3$State;)Z
PASS	Lcom/hiro/ulike/CaptureAdvanced3;->current1920(Ljava/lang/Object;Lcom/hiro/ulike/CaptureAdvanced3$State;)Z
PASS	Lcom/hiro/ulike/CaptureAdvanced3;->dim(Ljava/lang/Object;Ljava/lang/String;)I
PASS	Lcom/hiro/ulike/CaptureAdvanced3;->discard(Ljava/lang/Object;Lcom/hiro/ulike/CaptureAdvanced3$State;)V
PASS	Lcom/hiro/ulike/CaptureAdvanced3;->enabled()Z
PASS	Lcom/hiro/ulike/CaptureAdvanced3;->failed(Ljava/lang/Object;)V
PASS	Lcom/hiro/ulike/CaptureAdvanced3;->field(Ljava/lang/Object;Ljava/lang/String;)Ljava/lang/Object;
PASS	Lcom/hiro/ulike/CaptureAdvanced3;->init(Landroid/content/Context;)V
PASS	Lcom/hiro/ulike/CaptureAdvanced3;->install(Landroid/preference/PreferenceActivity;)V
PASS	Lcom/hiro/ulike/CaptureAdvanced3;->lambda$failed$1(Lcom/hiro/ulike/CaptureAdvanced3$State;JLjava/lang/Object;)V
PASS	Lcom/hiro/ulike/CaptureAdvanced3;->lambda$install$2(Landroid/preference/Preference;Ljava/lang/Object;)Z
PASS	Lcom/hiro/ulike/CaptureAdvanced3;->lambda$install$3(Landroid/preference/Preference;Ljava/lang/Object;)Z
PASS	Lcom/hiro/ulike/CaptureAdvanced3;->lambda$requestNativeRatio$0(Ljava/lang/Object;Lcom/hiro/ulike/CaptureAdvanced3$State;Ljava/lang/Object;)V
PASS	Lcom/hiro/ulike/CaptureAdvanced3;->lensCompatible(Landroid/hardware/camera2/CameraDevice;)Z
PASS	Lcom/hiro/ulike/CaptureAdvanced3;->map(Landroid/graphics/Rect;Landroid/graphics/Rect;Landroid/graphics/Rect;)Landroid/graphics/Rect;
PASS	Lcom/hiro/ulike/CaptureAdvanced3;->nativeRatioEnabled()Z
PASS	Lcom/hiro/ulike/CaptureAdvanced3;->normalScene()Z
PASS	Lcom/hiro/ulike/CaptureAdvanced3;->photoContext(Ljava/lang/Object;)Z
PASS	Lcom/hiro/ulike/CaptureAdvanced3;->regions(Landroid/hardware/camera2/CaptureRequest$Builder;Landroid/hardware/camera2/CaptureRequest$Key;Landroid/graphics/Rect;Landroid/graphics/Rect;)V
PASS	Lcom/hiro/ulike/CaptureAdvanced3;->registerRatioPresenter(Ljava/lang/Object;)V
PASS	Lcom/hiro/ulike/CaptureAdvanced3;->release(Ljava/lang/Object;)V
PASS	Lcom/hiro/ulike/CaptureAdvanced3;->renderLimit(I)I
PASS	Lcom/hiro/ulike/CaptureAdvanced3;->requestNativeRatio(Ljava/lang/Object;Lcom/hiro/ulike/CaptureAdvanced3$State;)V
PASS	Lcom/hiro/ulike/CaptureAdvanced3;->restore(Ljava/lang/Object;Lcom/hiro/ulike/CaptureAdvanced3$State;Ljava/lang/Throwable;)V
PASS	Lcom/hiro/ulike/CaptureAdvanced3;->retry1920(Ljava/lang/Object;Lcom/hiro/ulike/CaptureAdvanced3$State;Ljava/lang/Throwable;)V
PASS	Lcom/hiro/ulike/CaptureAdvanced3;->select(Ljava/lang/Object;Ljava/lang/Object;I)Ljava/lang/Object;
PASS	Lcom/hiro/ulike/CaptureAdvanced3;->session(Ljava/lang/Object;Landroid/hardware/camera2/CameraDevice;Landroid/hardware/camera2/params/SessionConfiguration;)V
PASS	Lcom/hiro/ulike/CaptureAdvanced3;->sessionCore1920(Ljava/lang/Object;Landroid/hardware/camera2/CameraDevice;Landroid/hardware/camera2/params/SessionConfiguration;)V
PASS	Lcom/hiro/ulike/CaptureAdvanced3;->sizes(Landroid/hardware/camera2/params/StreamConfigurationMap;I)[[I
PASS	Lcom/hiro/ulike/CaptureAdvanced3;->state1920(Ljava/lang/Object;)Lcom/hiro/ulike/CaptureAdvanced3$State;
PASS	Lcom/hiro/ulike/CaptureAdvanced3;->still(Ljava/lang/Object;Landroid/hardware/camera2/CaptureRequest$Builder;)Z
PASS	Lcom/hiro/ulike/CaptureGeometry3;-><init>()V
PASS	Lcom/hiro/ulike/CaptureGeometry3;->choose([[IIIIJJ)[I
PASS	Lcom/hiro/ulike/CaptureGeometry3;->map(IIJIJ)I
PASS	Lcom/hiro/ulike/CaptureGeometry3;->mapRect([I[I[I)[I
PASS	Lcom/hiro/ulike/CaptureGeometry3;->renderEdge(IIJ)I
PASS	Lcom/hiro/ulike/CaptureGeometry3;->sameRatio(IIII)Z
PASS	Lcom/hiro/ulike/CaptureInput163$Owned;-><init>(Landroid/hardware/Camera;I)V
PASS	Lcom/hiro/ulike/CaptureInput163;-><clinit>()V
PASS	Lcom/hiro/ulike/CaptureInput163;-><init>()V
PASS	Lcom/hiro/ulike/CaptureInput163;->field(Ljava/lang/Object;Ljava/lang/String;)Ljava/lang/Object;
PASS	Lcom/hiro/ulike/CaptureInput163;->nv21ByteCount(II)J
PASS	Lcom/hiro/ulike/CaptureInput163;->parameters(Ljava/lang/Object;Landroid/hardware/Camera$Parameters;)V
PASS	Lcom/hiro/ulike/CaptureInput163;->prepareCamera1(Ljava/lang/Object;Ljava/lang/Object;)V
PASS	Lcom/hiro/ulike/CaptureInput163;->restore(Landroid/hardware/Camera;Landroid/hardware/Camera$Parameters;Ljava/lang/Object;)V
PASS	Lcom/hiro/ulike/CaptureInput163;->sameSize(Landroid/hardware/Camera$Parameters;Landroid/hardware/Camera$Parameters;)Z
PASS	Lcom/hiro/ulike/CaptureInput163;->validNv21([BII)Z
PASS	Lcom/hiro/ulike/CapturePolicy1933$Decision;-><init>(JIIZ)V
PASS	Lcom/hiro/ulike/CapturePolicy1933;-><init>()V
PASS	Lcom/hiro/ulike/CapturePolicy1933;->choose(JIJJIIIZZZFFFJ)Lcom/hiro/ulike/CapturePolicy1933$Decision;
PASS	Lcom/hiro/ulike/CapturePolicy1933;->compatible(JJJJII)Z
PASS	Lcom/hiro/ulike/CapturePolicy1933;->frameLimit(IIJ)I
PASS	Lcom/hiro/ulike/CapturePolicy1933;->night(IJF)Z
PASS	Lcom/hiro/ulike/CapturePolicy1933;->saturatedTwice(J)J
PASS	Lcom/hiro/ulike/CapturePolicy1933;->valid(JIJJII)Z
PASS	Lcom/hiro/ulike/CaptureQuality2;-><init>()V
PASS	Lcom/hiro/ulike/CaptureQuality2;->choose([[IIIIIIJ)[I
PASS	Lcom/hiro/ulike/CaptureQuality2;->chooseFixed([[IIIJ)[I
PASS	Lcom/hiro/ulike/CaptureQuality2;->chooseFixed([[IIIJI)[I
PASS	Lcom/hiro/ulike/CaptureQuality2;->finishStill(Landroid/hardware/camera2/CaptureRequest$Builder;Landroid/hardware/camera2/CameraCharacteristics;)V
PASS	Lcom/hiro/ulike/CaptureQuality2;->pixelBudget()J
PASS	Lcom/hiro/ulike/CaptureQuality2;->ratio(II)D
PASS	Lcom/hiro/ulike/CaptureQuality2;->renderLimit(I)I
PASS	Lcom/hiro/ulike/CaptureQuality2;->renderLimit(IZJI)I
PASS	Lcom/hiro/ulike/CaptureQuality2;->select(Li/s/a/w/w;Landroid/hardware/camera2/CameraCharacteristics;ILi/s/a/w/w;)Li/s/a/w/w;
PASS	Lcom/hiro/ulike/CaptureQuality2;->set(Landroid/hardware/camera2/CaptureRequest$Builder;Ljava/util/List;Landroid/hardware/camera2/CaptureRequest$Key;Ljava/lang/Object;)V
PASS	Lcom/hiro/ulike/CaptureQuality2;->textureLimit()I
PASS	Lcom/hiro/ulike/CaptureYuv$$ExternalSyntheticLambda0;-><init>(Ljava/lang/Object;Lcom/hiro/ulike/CaptureYuv$State;)V
PASS	Lcom/hiro/ulike/CaptureYuv$$ExternalSyntheticLambda0;->onImageAvailable(Landroid/media/ImageReader;)V
PASS	Lcom/hiro/ulike/CaptureYuv$$ExternalSyntheticLambda1;-><init>()V
PASS	Lcom/hiro/ulike/CaptureYuv$$ExternalSyntheticLambda1;->onPreferenceChange(Landroid/preference/Preference;Ljava/lang/Object;)Z
PASS	Lcom/hiro/ulike/CaptureYuv$$ExternalSyntheticLambda4;-><init>(Lcom/hiro/ulike/CaptureYuv$State;JLjava/lang/Object;Ljava/lang/Object;)V
PASS	Lcom/hiro/ulike/CaptureYuv$$ExternalSyntheticLambda4;->run()V
PASS	Lcom/hiro/ulike/CaptureYuv$$ExternalSyntheticLambda5;-><init>(Ljava/lang/Object;Lcom/hiro/ulike/CaptureYuv$State;)V
PASS	Lcom/hiro/ulike/CaptureYuv$$ExternalSyntheticLambda5;->run()V
PASS	Lcom/hiro/ulike/CaptureYuv$$ExternalSyntheticLambda6;-><init>(Lcom/hiro/ulike/CaptureYuv$State;JLjava/lang/Object;Ljava/lang/Object;Ljava/lang/Throwable;)V
PASS	Lcom/hiro/ulike/CaptureYuv$$ExternalSyntheticLambda6;->run()V
PASS	Lcom/hiro/ulike/CaptureYuv$1;-><init>(Ljava/lang/Object;Lcom/hiro/ulike/CaptureYuv$State;Lcom/hiro/ulike/CaptureYuv$RoutePlan;IILandroid/hardware/camera2/CameraCaptureSession$StateCallback;)V
PASS	Lcom/hiro/ulike/CaptureYuv$1;->onActive(Landroid/hardware/camera2/CameraCaptureSession;)V
PASS	Lcom/hiro/ulike/CaptureYuv$1;->onCaptureQueueEmpty(Landroid/hardware/camera2/CameraCaptureSession;)V
PASS	Lcom/hiro/ulike/CaptureYuv$1;->onClosed(Landroid/hardware/camera2/CameraCaptureSession;)V
PASS	Lcom/hiro/ulike/CaptureYuv$1;->onConfigureFailed(Landroid/hardware/camera2/CameraCaptureSession;)V
PASS	Lcom/hiro/ulike/CaptureYuv$1;->onConfigured(Landroid/hardware/camera2/CameraCaptureSession;)V
PASS	Lcom/hiro/ulike/CaptureYuv$1;->onReady(Landroid/hardware/camera2/CameraCaptureSession;)V
PASS	Lcom/hiro/ulike/CaptureYuv$1;->onSurfacePrepared(Landroid/hardware/camera2/CameraCaptureSession;Landroid/view/Surface;)V
PASS	Lcom/hiro/ulike/CaptureYuv$CandidateUnavailable;-><init>(Ljava/lang/String;)V
PASS	Lcom/hiro/ulike/CaptureYuv$RoutePlan;-><init>(Ljava/lang/Object;Ljava/lang/Object;Landroid/hardware/camera2/CameraCharacteristics;Ljava/lang/String;Z)V
PASS	Lcom/hiro/ulike/CaptureYuv$RoutePlan;->label()Ljava/lang/String;
PASS	Lcom/hiro/ulike/CaptureYuv$State;-><init>(Ljava/lang/Object;Landroid/hardware/camera2/CameraDevice;Landroid/media/ImageReader;Landroid/media/ImageReader;Landroid/hardware/camera2/params/SessionConfiguration;Lcom/hiro/ulike/CaptureYuv$RoutePlan;)V
PASS	Lcom/hiro/ulike/CaptureYuv$State;-><init>(Ljava/lang/Object;Landroid/hardware/camera2/CameraDevice;Landroid/media/ImageReader;Landroid/media/ImageReader;Landroid/media/ImageReader;Landroid/hardware/camera2/params/SessionConfiguration;Lcom/hiro/ulike/CaptureYuv$RoutePlan;)V
PASS	Lcom/hiro/ulike/CaptureYuv;-><clinit>()V
PASS	Lcom/hiro/ulike/CaptureYuv;-><init>()V
PASS	Lcom/hiro/ulike/CaptureYuv;->access$000(Ljava/lang/Object;Lcom/hiro/ulike/CaptureYuv$State;)Z
PASS	Lcom/hiro/ulike/CaptureYuv;->access$200(Ljava/lang/Object;Lcom/hiro/ulike/CaptureYuv$State;Ljava/lang/String;)V
PASS	Lcom/hiro/ulike/CaptureYuv;->access$300()Ljava/util/Map;
PASS	Lcom/hiro/ulike/CaptureYuv;->access$400(Ljava/lang/Object;Lcom/hiro/ulike/CaptureYuv$State;)Z
PASS	Lcom/hiro/ulike/CaptureYuv;->armWatchdog(Ljava/lang/Object;Lcom/hiro/ulike/CaptureYuv$State;)V
PASS	Lcom/hiro/ulike/CaptureYuv;->conversionFailed(Ljava/lang/Object;Landroid/media/Image;)Z
PASS	Lcom/hiro/ulike/CaptureYuv;->current(Ljava/lang/Object;Lcom/hiro/ulike/CaptureYuv$State;)Z
PASS	Lcom/hiro/ulike/CaptureYuv;->declared(Ljava/lang/Object;Ljava/lang/String;)Ljava/lang/Object;
PASS	Lcom/hiro/ulike/CaptureYuv;->deliver(Ljava/lang/Object;Lcom/hiro/ulike/CaptureYuv$State;)V
PASS	Lcom/hiro/ulike/CaptureYuv;->eligible(Ljava/lang/Object;Landroid/hardware/camera2/CameraDevice;Z)Z
PASS	Lcom/hiro/ulike/CaptureYuv;->enabled()Z
PASS	Lcom/hiro/ulike/CaptureYuv;->failImage(Ljava/lang/Object;Lcom/hiro/ulike/CaptureYuv$State;JLjava/lang/Throwable;)V
PASS	Lcom/hiro/ulike/CaptureYuv;->failed(Ljava/lang/Object;)V
PASS	Lcom/hiro/ulike/CaptureYuv;->fallback(Ljava/lang/Object;Lcom/hiro/ulike/CaptureYuv$State;Ljava/lang/String;)V
PASS	Lcom/hiro/ulike/CaptureYuv;->field(Ljava/lang/Object;Ljava/lang/String;)Ljava/lang/Object;
PASS	Lcom/hiro/ulike/CaptureYuv;->init(Landroid/content/Context;)V
PASS	Lcom/hiro/ulike/CaptureYuv;->inputEnabled()Z
PASS	Lcom/hiro/ulike/CaptureYuv;->install(Landroid/preference/PreferenceActivity;)V
PASS	Lcom/hiro/ulike/CaptureYuv;->isReady()Z
PASS	Lcom/hiro/ulike/CaptureYuv;->knownCapture(Ljava/lang/Object;)Z
PASS	Lcom/hiro/ulike/CaptureYuv;->lambda$armWatchdog$2(Lcom/hiro/ulike/CaptureYuv$State;JLjava/lang/Object;Ljava/lang/Object;)V
PASS	Lcom/hiro/ulike/CaptureYuv;->lambda$failImage$3(Lcom/hiro/ulike/CaptureYuv$State;JLjava/lang/Object;Ljava/lang/Object;Ljava/lang/Throwable;)V
PASS	Lcom/hiro/ulike/CaptureYuv;->lambda$install$4(Landroid/preference/Preference;Ljava/lang/Object;)Z
PASS	Lcom/hiro/ulike/CaptureYuv;->lambda$result$1(Ljava/lang/Object;Lcom/hiro/ulike/CaptureYuv$State;)V
PASS	Lcom/hiro/ulike/CaptureYuv;->lambda$session$0(Ljava/lang/Object;Lcom/hiro/ulike/CaptureYuv$State;Landroid/media/ImageReader;)V
PASS	Lcom/hiro/ulike/CaptureYuv;->memoryAvailable()J
PASS	Lcom/hiro/ulike/CaptureYuv;->ownsGeneration(Ljava/lang/Object;Lcom/hiro/ulike/CaptureYuv$State;)Z
PASS	Lcom/hiro/ulike/CaptureYuv;->pairedMetadata(Lcom/hiro/ulike/CaptureYuv$State;Landroid/hardware/camera2/TotalCaptureResult;)Landroid/hardware/camera2/CaptureResult;
PASS	Lcom/hiro/ulike/CaptureYuv;->plan(Ljava/lang/Object;Landroid/hardware/camera2/CameraDevice;)Lcom/hiro/ulike/CaptureYuv$RoutePlan;
PASS	Lcom/hiro/ulike/CaptureYuv;->reader(Ljava/lang/Object;Landroid/media/ImageReader;)Landroid/media/ImageReader;
PASS	Lcom/hiro/ulike/CaptureYuv;->receive(Ljava/lang/Object;Lcom/hiro/ulike/CaptureYuv$State;Landroid/media/ImageReader;)V
PASS	Lcom/hiro/ulike/CaptureYuv;->received(Ljava/lang/Object;Landroid/media/Image;Landroid/hardware/camera2/CaptureResult;)V
PASS	Lcom/hiro/ulike/CaptureYuv;->release(Ljava/lang/Object;)V
PASS	Lcom/hiro/ulike/CaptureYuv;->restoreBase(Ljava/lang/Object;Landroid/hardware/camera2/params/SessionConfiguration;)Landroid/hardware/camera2/params/SessionConfiguration;
PASS	Lcom/hiro/ulike/CaptureYuv;->result(Ljava/lang/Object;Landroid/hardware/camera2/CaptureResult;)V
PASS	Lcom/hiro/ulike/CaptureYuv;->route(Landroid/hardware/camera2/CameraDevice;)Ljava/lang/Object;
PASS	Lcom/hiro/ulike/CaptureYuv;->sensorState(Ljava/lang/Object;)Ljava/lang/Object;
PASS	Lcom/hiro/ulike/CaptureYuv;->session(Ljava/lang/Object;Landroid/hardware/camera2/CameraDevice;Landroid/hardware/camera2/params/SessionConfiguration;)V
PASS	Lcom/hiro/ulike/CaptureYuv;->sizePublished(Lcom/hiro/ulike/CaptureYuv$RoutePlan;II)Z
PASS	Lcom/hiro/ulike/CaptureYuv;->stable(Ljava/lang/Object;Landroid/hardware/camera2/CameraDevice;)Z
PASS	Lcom/hiro/ulike/Chroma177;-><init>()V
PASS	Lcom/hiro/ulike/Chroma177;->clamp(III)I
PASS	Lcom/hiro/ulike/Chroma177;->divide(II)I
PASS	Lcom/hiro/ulike/Chroma177;->filter([I[IIIIII[I)V
PASS	Lcom/hiro/ulike/Chroma177;->finish([I[I[IIIIII[I)V
PASS	Lcom/hiro/ulike/Chroma177;->luma(I)I
PASS	Lcom/hiro/ulike/Chroma177;->radius(II)I
PASS	Lcom/hiro/ulike/Chroma177;->row([III[II)V
PASS	Lcom/hiro/ulike/Chroma179;-><init>()V
PASS	Lcom/hiro/ulike/Chroma179;->clamp(III)I
PASS	Lcom/hiro/ulike/Chroma179;->divide(JI)I
PASS	Lcom/hiro/ulike/Chroma179;->filter([I[IIIIII[I)V
PASS	Lcom/hiro/ulike/Chroma179;->finish([I[I[IIIIII[I)V
PASS	Lcom/hiro/ulike/Chroma179;->luma(I)I
PASS	Lcom/hiro/ulike/Chroma179;->radius(II)I
PASS	Lcom/hiro/ulike/Chroma179;->row([III[II)V
PASS	Lcom/hiro/ulike/Chroma185;-><init>()V
PASS	Lcom/hiro/ulike/Chroma185;->clamp(III)I
PASS	Lcom/hiro/ulike/Chroma185;->divide(II)I
PASS	Lcom/hiro/ulike/Chroma185;->filter([I[IIIIII[I)V
PASS	Lcom/hiro/ulike/Chroma185;->finish([I[I[IIIIII[I)V
PASS	Lcom/hiro/ulike/Chroma185;->luma(I)I
PASS	Lcom/hiro/ulike/Chroma185;->nearest(D)I
PASS	Lcom/hiro/ulike/Chroma185;->row([III[I[II)V
PASS	Lcom/hiro/ulike/Chroma185;->unit(D)D
PASS	Lcom/hiro/ulike/Chroma186;-><init>()V
PASS	Lcom/hiro/ulike/Chroma186;->clamp(III)I
PASS	Lcom/hiro/ulike/Chroma186;->divide(II)I
PASS	Lcom/hiro/ulike/Chroma186;->divideLong(JI)I
PASS	Lcom/hiro/ulike/Chroma186;->filter([I[IIIIII[I)V
PASS	Lcom/hiro/ulike/Chroma186;->finish([I[I[IIIIII[I)V
PASS	Lcom/hiro/ulike/Chroma186;->finishJava([I[I[IIIIII[I[I)V
PASS	Lcom/hiro/ulike/Chroma186;->finishWorkspace([I[I[IIIIII[I[I)V
PASS	Lcom/hiro/ulike/Chroma186;->finishWorkspace([I[I[IIIIII[I[IZ)V
PASS	Lcom/hiro/ulike/Chroma186;->luma(I)I
PASS	Lcom/hiro/ulike/Chroma186;->nearest(D)I
PASS	Lcom/hiro/ulike/Chroma186;->row([III[I[II)V
PASS	Lcom/hiro/ulike/Chroma186;->unit(D)D
PASS	Lcom/hiro/ulike/ChromaPipeline177$1;-><init>()V
PASS	Lcom/hiro/ulike/ChromaPipeline177$1;->onPreferenceChange(Landroid/preference/Preference;Ljava/lang/Object;)Z
PASS	Lcom/hiro/ulike/ChromaPipeline177;-><clinit>()V
PASS	Lcom/hiro/ulike/ChromaPipeline177;-><init>()V
PASS	Lcom/hiro/ulike/ChromaPipeline177;->access$000()Landroid/content/SharedPreferences;
PASS	Lcom/hiro/ulike/ChromaPipeline177;->access$102(Z)Z
PASS	Lcom/hiro/ulike/ChromaPipeline177;->apply(Landroid/graphics/Bitmap;Landroid/graphics/Bitmap;Lcom/hiro/ulike/PhotoDetail$Settings;)Landroid/graphics/Bitmap;
PASS	Lcom/hiro/ulike/ChromaPipeline177;->enabled1932()Z
PASS	Lcom/hiro/ulike/ChromaPipeline177;->init(Landroid/content/Context;)V
PASS	Lcom/hiro/ulike/ChromaPipeline177;->install(Landroid/preference/PreferenceActivity;)V
PASS	Lcom/hiro/ulike/ChromaPipeline177;->process(Landroid/graphics/Bitmap;Landroid/graphics/Bitmap;Lcom/hiro/ulike/PhotoDetail$Settings;)Landroid/graphics/Bitmap;
PASS	Lcom/hiro/ulike/ChromaPipeline177;->recycle(Landroid/graphics/Bitmap;)V
PASS	Lcom/hiro/ulike/ChromaPipeline186$Buffer;-><init>(II)V
PASS	Lcom/hiro/ulike/ChromaPipeline186$State;-><init>(Landroid/graphics/Bitmap;Landroid/graphics/Bitmap;IIIIIIZZZZ)V
PASS	Lcom/hiro/ulike/ChromaPipeline186$State;->read(Lcom/hiro/ulike/ChromaPipeline186$Buffer;)I
PASS	Lcom/hiro/ulike/ChromaPipeline186$State;->write([IIII)V
PASS	Lcom/hiro/ulike/ChromaPipeline186$Worker;-><init>(Lcom/hiro/ulike/ChromaPipeline186$State;Lcom/hiro/ulike/ChromaPipeline186$Buffer;)V
PASS	Lcom/hiro/ulike/ChromaPipeline186$Worker;->run()V
PASS	Lcom/hiro/ulike/ChromaPipeline186;-><init>()V
PASS	Lcom/hiro/ulike/ChromaPipeline186;->plan(IIIJI)[I
PASS	Lcom/hiro/ulike/ChromaPipeline186;->process(Landroid/graphics/Bitmap;Landroid/graphics/Bitmap;Lcom/hiro/ulike/PhotoDetail$Settings;)Landroid/graphics/Bitmap;
PASS	Lcom/hiro/ulike/ChromaPipeline186;->recycle(Landroid/graphics/Bitmap;)V
PASS	Lcom/hiro/ulike/ComposerPath164;-><init>(Ljava/lang/String;Ljava/lang/String;Ljava/lang/String;Ljava/lang/String;Z)V
PASS	Lcom/hiro/ulike/ComposerPath164;->parse(Ljava/lang/String;)Lcom/hiro/ulike/ComposerPath164;
PASS	Lcom/hiro/ulike/ComposerPath164;->resource(Ljava/lang/String;)Ljava/lang/String;
PASS	Lcom/hiro/ulike/Copy174;-><init>()V
PASS	Lcom/hiro/ulike/Copy174;->buffered(Ljava/io/InputStream;Ljava/io/OutputStream;)J
PASS	Lcom/hiro/ulike/Copy174;->copy(Ljava/io/InputStream;Ljava/io/OutputStream;)J
PASS	Lcom/hiro/ulike/Copy174;->transfer(Ljava/nio/channels/FileChannel;Ljava/nio/channels/FileChannel;Ljava/io/InputStream;Ljava/io/OutputStream;JJ)J
PASS	Lcom/hiro/ulike/DetailFast174$1;-><init>()V
PASS	Lcom/hiro/ulike/DetailFast174$1;->newThread(Ljava/lang/Runnable;)Ljava/lang/Thread;
PASS	Lcom/hiro/ulike/DetailFast174$Context;-><init>(Lcom/hiro/ulike/DetailPixels$Work;IIIIZZZ)V
PASS	Lcom/hiro/ulike/DetailFast174$Context;->run(III)V
PASS	Lcom/hiro/ulike/DetailFast174$RowTask;-><init>(Lcom/hiro/ulike/DetailFast174$Context;III)V
PASS	Lcom/hiro/ulike/DetailFast174$RowTask;->run()V
PASS	Lcom/hiro/ulike/DetailFast174;-><clinit>()V
PASS	Lcom/hiro/ulike/DetailFast174;-><init>()V
PASS	Lcom/hiro/ulike/DetailFast174;->access$000([I[I[IIIIZZZII)V
PASS	Lcom/hiro/ulike/DetailFast174;->access$100(Lcom/hiro/ulike/DetailPixels$Work;[IIIII)V
PASS	Lcom/hiro/ulike/DetailFast174;->access$200(Lcom/hiro/ulike/DetailPixels$Work;[IIIIIIIZZ)V
PASS	Lcom/hiro/ulike/DetailFast174;->b(I)I
PASS	Lcom/hiro/ulike/DetailFast174;->bilateral([I[I[IIIIZZZII)V
PASS	Lcom/hiro/ulike/DetailFast174;->cb(I)I
PASS	Lcom/hiro/ulike/DetailFast174;->clamp(III)I
PASS	Lcom/hiro/ulike/DetailFast174;->colourDistance(II)I
PASS	Lcom/hiro/ulike/DetailFast174;->cr(I)I
PASS	Lcom/hiro/ulike/DetailFast174;->div(II)I
PASS	Lcom/hiro/ulike/DetailFast174;->filter(Lcom/hiro/ulike/DetailPixels$Work;IIIIII)V
PASS	Lcom/hiro/ulike/DetailFast174;->filter(Lcom/hiro/ulike/DetailPixels$Work;IIIIIIZZZ)V
PASS	Lcom/hiro/ulike/DetailFast174;->g(I)I
PASS	Lcom/hiro/ulike/DetailFast174;->gradient([IIIIII)I
PASS	Lcom/hiro/ulike/DetailFast174;->opaque(I)Z
PASS	Lcom/hiro/ulike/DetailFast174;->pack(Lcom/hiro/ulike/DetailPixels$Work;[IIIII)V
PASS	Lcom/hiro/ulike/DetailFast174;->r(I)I
PASS	Lcom/hiro/ulike/DetailFast174;->ranges([I)[[I
PASS	Lcom/hiro/ulike/DetailFast174;->rgb(III)I
PASS	Lcom/hiro/ulike/DetailFast174;->sharpen(Lcom/hiro/ulike/DetailPixels$Work;[IIIIIIIZZ)V
PASS	Lcom/hiro/ulike/DetailFast174;->skinWeight(I)I
PASS	Lcom/hiro/ulike/DetailFast174;->stage(Lcom/hiro/ulike/DetailFast174$Context;III)V
PASS	Lcom/hiro/ulike/DetailFast174;->workers()Ljava/util/concurrent/ThreadPoolExecutor;
PASS	Lcom/hiro/ulike/DetailFast174;->y(I)I
PASS	Lcom/hiro/ulike/DetailPixels$Work;-><init>(I)V
PASS	Lcom/hiro/ulike/DetailPixels;-><clinit>()V
PASS	Lcom/hiro/ulike/DetailPixels;-><init>()V
PASS	Lcom/hiro/ulike/DetailPixels;->b(I)I
PASS	Lcom/hiro/ulike/DetailPixels;->bilateral([I[I[IIIIZZZ)V
PASS	Lcom/hiro/ulike/DetailPixels;->cb(I)I
PASS	Lcom/hiro/ulike/DetailPixels;->clamp(III)I
PASS	Lcom/hiro/ulike/DetailPixels;->colourDistance(II)I
PASS	Lcom/hiro/ulike/DetailPixels;->cr(I)I
PASS	Lcom/hiro/ulike/DetailPixels;->div(II)I
PASS	Lcom/hiro/ulike/DetailPixels;->filter(Lcom/hiro/ulike/DetailPixels$Work;IIIIII)V
PASS	Lcom/hiro/ulike/DetailPixels;->filter(Lcom/hiro/ulike/DetailPixels$Work;IIIIIIZZZ)V
PASS	Lcom/hiro/ulike/DetailPixels;->filterBefore168(Lcom/hiro/ulike/DetailPixels$Work;IIIIIIZZZ)V
PASS	Lcom/hiro/ulike/DetailPixels;->g(I)I
PASS	Lcom/hiro/ulike/DetailPixels;->gradient([IIIIII)I
PASS	Lcom/hiro/ulike/DetailPixels;->opaque(I)Z
PASS	Lcom/hiro/ulike/DetailPixels;->r(I)I
PASS	Lcom/hiro/ulike/DetailPixels;->ranges([I)[[I
PASS	Lcom/hiro/ulike/DetailPixels;->rgb(III)I
PASS	Lcom/hiro/ulike/DetailPixels;->skinWeight(I)I
PASS	Lcom/hiro/ulike/DetailPixels;->y(I)I
PASS	Lcom/hiro/ulike/DetailSerial186$Context;-><init>(Lcom/hiro/ulike/DetailPixels$Work;IIIIZZZ)V
PASS	Lcom/hiro/ulike/DetailSerial186$Context;->run(III)V
PASS	Lcom/hiro/ulike/DetailSerial186;-><clinit>()V
PASS	Lcom/hiro/ulike/DetailSerial186;-><init>()V
PASS	Lcom/hiro/ulike/DetailSerial186;->access$000([I[I[IIIIZZZII)V
PASS	Lcom/hiro/ulike/DetailSerial186;->access$100(Lcom/hiro/ulike/DetailPixels$Work;[IIIII)V
PASS	Lcom/hiro/ulike/DetailSerial186;->access$200(Lcom/hiro/ulike/DetailPixels$Work;[IIIIIIIZZ)V
PASS	Lcom/hiro/ulike/DetailSerial186;->b(I)I
PASS	Lcom/hiro/ulike/DetailSerial186;->bilateral([I[I[IIIIZZZII)V
PASS	Lcom/hiro/ulike/DetailSerial186;->cb(I)I
PASS	Lcom/hiro/ulike/DetailSerial186;->clamp(III)I
PASS	Lcom/hiro/ulike/DetailSerial186;->colourDistance(II)I
PASS	Lcom/hiro/ulike/DetailSerial186;->cr(I)I
PASS	Lcom/hiro/ulike/DetailSerial186;->div(II)I
PASS	Lcom/hiro/ulike/DetailSerial186;->filter(Lcom/hiro/ulike/DetailPixels$Work;IIIIII)V
PASS	Lcom/hiro/ulike/DetailSerial186;->filter(Lcom/hiro/ulike/DetailPixels$Work;IIIIIIZZZ)V
PASS	Lcom/hiro/ulike/DetailSerial186;->g(I)I
PASS	Lcom/hiro/ulike/DetailSerial186;->gradient([IIIIII)I
PASS	Lcom/hiro/ulike/DetailSerial186;->opaque(I)Z
PASS	Lcom/hiro/ulike/DetailSerial186;->pack(Lcom/hiro/ulike/DetailPixels$Work;[IIIII)V
PASS	Lcom/hiro/ulike/DetailSerial186;->r(I)I
PASS	Lcom/hiro/ulike/DetailSerial186;->ranges([I)[[I
PASS	Lcom/hiro/ulike/DetailSerial186;->rgb(III)I
PASS	Lcom/hiro/ulike/DetailSerial186;->sharpen(Lcom/hiro/ulike/DetailPixels$Work;[IIIIIIIZZ)V
PASS	Lcom/hiro/ulike/DetailSerial186;->skinWeight(I)I
PASS	Lcom/hiro/ulike/DetailSerial186;->stage(Lcom/hiro/ulike/DetailSerial186$Context;III)V
PASS	Lcom/hiro/ulike/DetailSerial186;->y(I)I
PASS	Lcom/hiro/ulike/EffectAssets;-><clinit>()V
PASS	Lcom/hiro/ulike/EffectAssets;-><init>()V
PASS	Lcom/hiro/ulike/EffectAssets;->extract(Landroid/content/Context;Ljava/lang/String;Ljava/io/File;)V
PASS	Lcom/hiro/ulike/EffectAssets;->extract188(Landroid/content/Context;Ljava/lang/String;Ljava/io/File;)V
PASS	Lcom/hiro/ulike/EffectAssets;->init(Landroid/content/Context;)V
PASS	Lcom/hiro/ulike/EffectAssets;->removeStaging(Ljava/io/File;)V
PASS	Lcom/hiro/ulike/EffectAssets;->removeStaging188(Ljava/io/File;)V
PASS	Lcom/hiro/ulike/EffectAssets;->resolve(Ljava/lang/String;Ljava/lang/String;)Ljava/lang/String;
PASS	Lcom/hiro/ulike/EffectAssets;->version(Ljava/lang/String;)Ljava/lang/String;
PASS	Lcom/hiro/ulike/EffectAssets;->version188(Ljava/lang/String;)Ljava/lang/String;
PASS	Lcom/hiro/ulike/EffectWarm188$Delay;-><init>()V
PASS	Lcom/hiro/ulike/EffectWarm188$Delay;-><init>(Lcom/hiro/ulike/EffectWarm188$1;)V
PASS	Lcom/hiro/ulike/EffectWarm188$Delay;->run()V
PASS	Lcom/hiro/ulike/EffectWarm188$Factory;-><init>()V
PASS	Lcom/hiro/ulike/EffectWarm188$Factory;-><init>(Lcom/hiro/ulike/EffectWarm188$1;)V
PASS	Lcom/hiro/ulike/EffectWarm188$Factory;->newThread(Ljava/lang/Runnable;)Ljava/lang/Thread;
PASS	Lcom/hiro/ulike/EffectWarm188$Warm;-><init>()V
PASS	Lcom/hiro/ulike/EffectWarm188$Warm;-><init>(Lcom/hiro/ulike/EffectWarm188$1;)V
PASS	Lcom/hiro/ulike/EffectWarm188$Warm;->run()V
PASS	Lcom/hiro/ulike/EffectWarm188;-><clinit>()V
PASS	Lcom/hiro/ulike/EffectWarm188;-><init>()V
PASS	Lcom/hiro/ulike/EffectWarm188;->access$1000(Z)Z
PASS	Lcom/hiro/ulike/EffectWarm188;->access$102(Z)Z
PASS	Lcom/hiro/ulike/EffectWarm188;->access$1100(Ljava/lang/String;Ljava/lang/String;Z)Ljava/lang/String;
PASS	Lcom/hiro/ulike/EffectWarm188;->access$200()Z
PASS	Lcom/hiro/ulike/EffectWarm188;->access$300()Z
PASS	Lcom/hiro/ulike/EffectWarm188;->access$302(Z)Z
PASS	Lcom/hiro/ulike/EffectWarm188;->access$400()Landroid/content/Context;
PASS	Lcom/hiro/ulike/EffectWarm188;->access$500()Ljava/util/concurrent/ThreadPoolExecutor;
PASS	Lcom/hiro/ulike/EffectWarm188;->access$502(Ljava/util/concurrent/ThreadPoolExecutor;)Ljava/util/concurrent/ThreadPoolExecutor;
PASS	Lcom/hiro/ulike/EffectWarm188;->access$802(Ljava/lang/Thread;)Ljava/lang/Thread;
PASS	Lcom/hiro/ulike/EffectWarm188;->access$900()[Ljava/lang/String;
PASS	Lcom/hiro/ulike/EffectWarm188;->cache(Ljava/lang/String;Ljava/lang/String;)V
PASS	Lcom/hiro/ulike/EffectWarm188;->cached(Ljava/lang/String;)Ljava/lang/String;
PASS	Lcom/hiro/ulike/EffectWarm188;->cancelled(Z)Z
PASS	Lcom/hiro/ulike/EffectWarm188;->index(Ljava/lang/String;)I
PASS	Lcom/hiro/ulike/EffectWarm188;->init(Landroid/content/Context;)V
PASS	Lcom/hiro/ulike/EffectWarm188;->onFrame(I)V
PASS	Lcom/hiro/ulike/EffectWarm188;->path(Ljava/io/File;)Ljava/lang/String;
PASS	Lcom/hiro/ulike/EffectWarm188;->prepare(Ljava/lang/String;Ljava/lang/String;Z)Ljava/lang/String;
PASS	Lcom/hiro/ulike/EffectWarm188;->resolve(Ljava/lang/String;Ljava/lang/String;)Ljava/lang/String;
PASS	Lcom/hiro/ulike/EffectWarm188;->stopPrewarm()V
PASS	Lcom/hiro/ulike/ExitBusy1921;-><init>()V
PASS	Lcom/hiro/ulike/ExitBusy1921;->captureBusy(Z)Z
PASS	Lcom/hiro/ulike/ExitBusy1921;->route(Lcom/hiro/ulike/BackExit185;Landroid/app/Activity;)Z
PASS	Lcom/hiro/ulike/ExitBusy1921;->value(Ljava/lang/String;Ljava/lang/String;)Ljava/lang/Object;
PASS	Lcom/hiro/ulike/ExitCompile185$1;-><init>()V
PASS	Lcom/hiro/ulike/ExitCompile185$1;->initialValue()Ljava/lang/Object;
PASS	Lcom/hiro/ulike/ExitCompile185$1;->initialValue()Ljava/util/ArrayDeque;
PASS	Lcom/hiro/ulike/ExitCompile185$Pending;-><init>(Ljava/lang/Object;)V
PASS	Lcom/hiro/ulike/ExitCompile185$Pending;->complete()V
PASS	Lcom/hiro/ulike/ExitCompile185$Pending;->enter(Z)Z
PASS	Lcom/hiro/ulike/ExitCompile185$Pending;->fail()V
PASS	Lcom/hiro/ulike/ExitCompile185$Pending;->invoke(Ljava/lang/Object;Ljava/lang/reflect/Method;[Ljava/lang/Object;)Ljava/lang/Object;
PASS	Lcom/hiro/ulike/ExitCompile185$Pending;->leave(Z)V
PASS	Lcom/hiro/ulike/ExitCompile185;-><clinit>()V
PASS	Lcom/hiro/ulike/ExitCompile185;-><init>()V
PASS	Lcom/hiro/ulike/ExitCompile185;->failed()V
PASS	Lcom/hiro/ulike/ExitCompile185;->prepare(Ljava/lang/Object;Ljava/lang/Object;)Ljava/lang/Object;
PASS	Lcom/hiro/ulike/ExitCompile185;->result(Z)V
PASS	Lcom/hiro/ulike/ExitController185;-><clinit>()V
PASS	Lcom/hiro/ulike/ExitController185;-><init>()V
PASS	Lcom/hiro/ulike/ExitController185;->field(Ljava/lang/Object;Ljava/lang/String;)Ljava/lang/Object;
PASS	Lcom/hiro/ulike/ExitController185;->remember(Ljava/lang/Object;)V
PASS	Lcom/hiro/ulike/ExitController185;->stop(Ljava/lang/Object;)Z
PASS	Lcom/hiro/ulike/ExitFlow185;-><init>(Lcom/hiro/ulike/ExitFlow185$Port;)V
PASS	Lcom/hiro/ulike/ExitFlow185;->blockCallback1921(Ljava/lang/String;)Z
PASS	Lcom/hiro/ulike/ExitFlow185;->blockInput1921()Z
PASS	Lcom/hiro/ulike/ExitFlow185;->cancelPending1921()Z
PASS	Lcom/hiro/ulike/ExitFlow185;->request()V
PASS	Lcom/hiro/ulike/ExitFlow185;->requested()Z
PASS	Lcom/hiro/ulike/ExitFlow185;->tick()V
PASS	Lcom/hiro/ulike/ExitJobs185;-><init>()V
PASS	Lcom/hiro/ulike/ExitJobs185;->begin()V
PASS	Lcom/hiro/ulike/ExitJobs185;->end()V
PASS	Lcom/hiro/ulike/ExitJobs185;->isBusy()Z
PASS	Lcom/hiro/ulike/ExitJobs185;->sealIfIdle()Z
PASS	Lcom/hiro/ulike/ExitProcess185;-><clinit>()V
PASS	Lcom/hiro/ulike/ExitProcess185;-><init>()V
PASS	Lcom/hiro/ulike/ExitProcess185;->eligible(IIIILjava/lang/String;[Ljava/lang/String;)Z
PASS	Lcom/hiro/ulike/ExitProcess185;->services()[Ljava/lang/String;
PASS	Lcom/hiro/ulike/ExitQueued185$Lease;-><init>(Ljava/lang/Runnable;)V
PASS	Lcom/hiro/ulike/ExitQueued185$Lease;->rejected()V
PASS	Lcom/hiro/ulike/ExitQueued185$Lease;->run()V
PASS	Lcom/hiro/ulike/ExitQueued185;-><init>()V
PASS	Lcom/hiro/ulike/ExitQueued185;->execute(Ljava/util/concurrent/ThreadPoolExecutor;Ljava/lang/Runnable;Ljava/lang/Runnable;)V
PASS	Lcom/hiro/ulike/ExitQueued185;->tracked(Ljava/lang/Runnable;)Z
PASS	Lcom/hiro/ulike/ExitRecording185$1;-><init>()V
PASS	Lcom/hiro/ulike/ExitRecording185$1;->initialValue()Ljava/lang/Object;
PASS	Lcom/hiro/ulike/ExitRecording185$1;->initialValue()Ljava/util/ArrayDeque;
PASS	Lcom/hiro/ulike/ExitRecording185$Pending;-><init>(Ljava/lang/Object;Ljava/lang/Object;)V
PASS	Lcom/hiro/ulike/ExitRecording185$Pending;->complete(Z)V
PASS	Lcom/hiro/ulike/ExitRecording185$Pending;->enterDelivery()Z
PASS	Lcom/hiro/ulike/ExitRecording185$Pending;->invoke(Ljava/lang/Object;Ljava/lang/reflect/Method;[Ljava/lang/Object;)Ljava/lang/Object;
PASS	Lcom/hiro/ulike/ExitRecording185$Pending;->leaveDelivery(Z)V
PASS	Lcom/hiro/ulike/ExitRecording185;-><clinit>()V
PASS	Lcom/hiro/ulike/ExitRecording185;-><init>()V
PASS	Lcom/hiro/ulike/ExitRecording185;->access$000()Ljava/util/concurrent/atomic/AtomicLong;
PASS	Lcom/hiro/ulike/ExitRecording185;->access$100()V
PASS	Lcom/hiro/ulike/ExitRecording185;->access$200()Ljava/lang/ref/WeakReference;
PASS	Lcom/hiro/ulike/ExitRecording185;->access$302(Z)Z
PASS	Lcom/hiro/ulike/ExitRecording185;->beginSynchronous(Ljava/lang/Object;)V
PASS	Lcom/hiro/ulike/ExitRecording185;->failed()V
PASS	Lcom/hiro/ulike/ExitRecording185;->failedProof()V
PASS	Lcom/hiro/ulike/ExitRecording185;->failureStamp()J
PASS	Lcom/hiro/ulike/ExitRecording185;->prepare(Ljava/lang/Object;Ljava/lang/Object;)Ljava/lang/Object;
PASS	Lcom/hiro/ulike/ExitRecording185;->remember(Ljava/lang/Object;)V
PASS	Lcom/hiro/ulike/ExitRecording185;->requestStop()Z
PASS	Lcom/hiro/ulike/ExitRecording185;->result(I)V
PASS	Lcom/hiro/ulike/ExitRecording185;->returned()V
PASS	Lcom/hiro/ulike/ExitRecording185;->saveFailed()V
PASS	Lcom/hiro/ulike/ExitRecording185;->synchronousResult(I)V
PASS	Lcom/hiro/ulike/ExitRecording185;->uncertain()Z
PASS	Lcom/hiro/ulike/FacePrecision3$1;-><init>(Landroid/content/SharedPreferences;)V
PASS	Lcom/hiro/ulike/FacePrecision3$1;->onPreferenceChange(Landroid/preference/Preference;Ljava/lang/Object;)Z
PASS	Lcom/hiro/ulike/FacePrecision3;-><init>()V
PASS	Lcom/hiro/ulike/FacePrecision3;->applyGlobal()V
PASS	Lcom/hiro/ulike/FacePrecision3;->init(Landroid/content/Context;)V
PASS	Lcom/hiro/ulike/FacePrecision3;->install(Landroid/preference/PreferenceActivity;)V
PASS	Lcom/hiro/ulike/FacePrecision3;->overrideValue(Ljava/lang/String;Ljava/lang/Object;I)Ljava/lang/Object;
PASS	Lcom/hiro/ulike/FacePrecisionPolicy;-><init>()V
PASS	Lcom/hiro/ulike/FacePrecisionPolicy;->matches(Ljava/lang/String;Ljava/lang/String;)Z
PASS	Lcom/hiro/ulike/FacePrecisionPolicy;->override(Ljava/lang/String;Ljava/lang/Object;IZ)Ljava/lang/Object;
PASS	Lcom/hiro/ulike/FaceRegions1934$Mask;-><init>(IIII[B[BDDDDDDZ)V
PASS	Lcom/hiro/ulike/FaceRegions1934$Mask;-><init>(IIII[B[BDDDDDDZLcom/hiro/ulike/FaceRegions1934$1;)V
PASS	Lcom/hiro/ulike/FaceRegions1934$Mask;->detailQ8(II)I
PASS	Lcom/hiro/ulike/FaceRegions1934$Mask;->resample(III)Lcom/hiro/ulike/FaceRegions1934$Mask;
PASS	Lcom/hiro/ulike/FaceRegions1934$Mask;->sample([BII)I
PASS	Lcom/hiro/ulike/FaceRegions1934$Mask;->skinQ8(II)I
PASS	Lcom/hiro/ulike/FaceRegions1934;-><init>()V
PASS	Lcom/hiro/ulike/FaceRegions1934;->empty(II)Lcom/hiro/ulike/FaceRegions1934$Mask;
PASS	Lcom/hiro/ulike/FaceRegions1934;->forBitmap(Landroid/graphics/Bitmap;I)Lcom/hiro/ulike/FaceRegions1934$Mask;
PASS	Lcom/hiro/ulike/FaceRegions1934;->uprightRaster(IIII[B[BI)Lcom/hiro/ulike/FaceRegions1934$Mask;
PASS	Lcom/hiro/ulike/FaceRegions1934Pixels$Anchor;-><init>(FFFFFF)V
PASS	Lcom/hiro/ulike/FaceRegions1934Pixels$Raster;-><init>([B[BZ)V
PASS	Lcom/hiro/ulike/FaceRegions1934Pixels;-><init>()V
PASS	Lcom/hiro/ulike/FaceRegions1934Pixels;->build([III[Lcom/hiro/ulike/FaceRegions1934Pixels$Anchor;)Lcom/hiro/ulike/FaceRegions1934Pixels$Raster;
PASS	Lcom/hiro/ulike/FaceRegions1934Pixels;->ellipse(DDDDDD)D
PASS	Lcom/hiro/ulike/FaceRegions1934Pixels;->localRange([IIIII)I
PASS	Lcom/hiro/ulike/FaceRegions1934Pixels;->skinCompatible(I)Z
PASS	Lcom/hiro/ulike/FaceRegions1934Pixels;->valid(Lcom/hiro/ulike/FaceRegions1934Pixels$Anchor;II)Z
PASS	Lcom/hiro/ulike/FacingMemory1928;-><init>()V
PASS	Lcom/hiro/ulike/FacingMemory1928;->initial(Z)Z
PASS	Lcom/hiro/ulike/FacingMemory1928;->remember(Z)V
PASS	Lcom/hiro/ulike/FacingMemory1928;->rememberCurrent()V
PASS	Lcom/hiro/ulike/FastPixels1933$Axis;-><init>(IIDD)V
PASS	Lcom/hiro/ulike/FastPixels1933$Plan;-><init>(IIIIDDDD)V
PASS	Lcom/hiro/ulike/FastPixels1933$Plan;-><init>(IIIIDDDDLcom/hiro/ulike/FastPixels1933$1;)V
PASS	Lcom/hiro/ulike/FastPixels1933$Plan;-><init>(Lcom/hiro/ulike/FastPixels1933$Plan;I)V
PASS	Lcom/hiro/ulike/FastPixels1933$Plan;-><init>(Lcom/hiro/ulike/FastPixels1933$Plan;ILcom/hiro/ulike/FastPixels1933$1;)V
PASS	Lcom/hiro/ulike/FastPixels1933$RowCache;-><init>(Lcom/hiro/ulike/FastPixels1933$RowSource;IILcom/hiro/ulike/FastPixels1933$Axis;IZ)V
PASS	Lcom/hiro/ulike/FastPixels1933$RowCache;->close()V
PASS	Lcom/hiro/ulike/FastPixels1933$RowCache;->get(I)[F
PASS	Lcom/hiro/ulike/FastPixels1933;-><init>()V
PASS	Lcom/hiro/ulike/FastPixels1933;->access$200(D)D
PASS	Lcom/hiro/ulike/FastPixels1933;->access$300(D)D
PASS	Lcom/hiro/ulike/FastPixels1933;->access$400([II)V
PASS	Lcom/hiro/ulike/FastPixels1933;->access$500(FFF)F
PASS	Lcom/hiro/ulike/FastPixels1933;->checkInterrupted(I)V
PASS	Lcom/hiro/ulike/FastPixels1933;->checkOpaque([II)V
PASS	Lcom/hiro/ulike/FastPixels1933;->clamp(III)I
PASS	Lcom/hiro/ulike/FastPixels1933;->clampFloat(FFF)F
PASS	Lcom/hiro/ulike/FastPixels1933;->cubic(D)D
PASS	Lcom/hiro/ulike/FastPixels1933;->lanczos2(D)D
PASS	Lcom/hiro/ulike/FastPixels1933;->limitCache(Lcom/hiro/ulike/FastPixels1933$Plan;I)Lcom/hiro/ulike/FastPixels1933$Plan;
PASS	Lcom/hiro/ulike/FastPixels1933;->prepare(IIIIDDDD)Lcom/hiro/ulike/FastPixels1933$Plan;
PASS	Lcom/hiro/ulike/FastPixels1933;->resizeCrop(Lcom/hiro/ulike/FastPixels1933$RowSource;IILcom/hiro/ulike/FastPixels1933$RowSink;IIDDDD)V
PASS	Lcom/hiro/ulike/FastPixels1933;->runRows(Lcom/hiro/ulike/FastPixels1933$Plan;Lcom/hiro/ulike/FastPixels1933$RowSource;Lcom/hiro/ulike/FastPixels1933$RowSink;II)V
PASS	Lcom/hiro/ulike/FastPixels1933;->runRows(Lcom/hiro/ulike/FastPixels1933$Plan;Lcom/hiro/ulike/FastPixels1933$RowSource;Lcom/hiro/ulike/FastPixels1933$RowSink;IIZ)V
PASS	Lcom/hiro/ulike/FastPixels1933;->workspaceBytes(Lcom/hiro/ulike/FastPixels1933$Plan;)J
PASS	Lcom/hiro/ulike/FastResize1933$Batch;-><init>(Lcom/hiro/ulike/FastResize1933$Group;II)V
PASS	Lcom/hiro/ulike/FastResize1933$Batch;->close()V
PASS	Lcom/hiro/ulike/FastResize1933$Batch;->flush()V
PASS	Lcom/hiro/ulike/FastResize1933$Batch;->writeRow(I[I)V
PASS	Lcom/hiro/ulike/FastResize1933$Group;-><init>(Landroid/graphics/Bitmap;Landroid/graphics/Bitmap;ZI)V
PASS	Lcom/hiro/ulike/FastResize1933$Group;->fail(Ljava/lang/Throwable;)V
PASS	Lcom/hiro/ulike/FastResize1933$Rows;-><init>(Lcom/hiro/ulike/FastResize1933$Group;I)V
PASS	Lcom/hiro/ulike/FastResize1933$Rows;->close()V
PASS	Lcom/hiro/ulike/FastResize1933$Rows;->readRow(I[I)V
PASS	Lcom/hiro/ulike/FastResize1933$Rows;->reverse([II)V
PASS	Lcom/hiro/ulike/FastResize1933$Worker;-><init>(Lcom/hiro/ulike/FastResize1933$Group;Lcom/hiro/ulike/FastPixels1933$Plan;III)V
PASS	Lcom/hiro/ulike/FastResize1933$Worker;->run()V
PASS	Lcom/hiro/ulike/FastResize1933;-><init>()V
PASS	Lcom/hiro/ulike/FastResize1933;->available()J
PASS	Lcom/hiro/ulike/FastResize1933;->opaque(Landroid/graphics/Bitmap;)Z
PASS	Lcom/hiro/ulike/FastResize1933;->resample(Landroid/graphics/Bitmap;III)Landroid/graphics/Bitmap;
PASS	Lcom/hiro/ulike/FocusCompletion163$State;-><init>(Ljava/lang/Object;Ljava/lang/Object;Ljava/lang/Object;Landroid/hardware/camera2/CameraCaptureSession;Landroid/hardware/camera2/CameraDevice;Landroid/hardware/camera2/CaptureRequest$Builder;)V
PASS	Lcom/hiro/ulike/FocusCompletion163;-><clinit>()V
PASS	Lcom/hiro/ulike/FocusCompletion163;-><init>()V
PASS	Lcom/hiro/ulike/FocusCompletion163;->cameraThread(Ljava/lang/Object;)Z
PASS	Lcom/hiro/ulike/FocusCompletion163;->completed(Ljava/lang/Object;Landroid/hardware/camera2/CameraCaptureSession;Landroid/hardware/camera2/CaptureResult;)V
PASS	Lcom/hiro/ulike/FocusCompletion163;->created(Ljava/lang/Object;Ljava/lang/Object;Landroid/hardware/camera2/CaptureRequest$Builder;)V
PASS	Lcom/hiro/ulike/FocusCompletion163;->current(Ljava/lang/Object;Lcom/hiro/ulike/FocusCompletion163$State;Ljava/lang/Object;Landroid/hardware/camera2/CameraCaptureSession;)Z
PASS	Lcom/hiro/ulike/FocusCompletion163;->field(Ljava/lang/Object;Ljava/lang/String;)Ljava/lang/Object;
PASS	Lcom/hiro/ulike/FocusLatency162;-><init>()V
PASS	Lcom/hiro/ulike/FocusLatency162;->afterCancel(Ljava/lang/Object;J)V
PASS	Lcom/hiro/ulike/FocusLatency162;->contains([II)Z
PASS	Lcom/hiro/ulike/FocusLatency162;->field(Ljava/lang/Object;Ljava/lang/String;)Ljava/lang/Object;
PASS	Lcom/hiro/ulike/FocusLatency162;->queueCancel(Ljava/lang/Object;)Z
PASS	Lcom/hiro/ulike/FocusLatency162;->zoomStable()Z
PASS	Lcom/hiro/ulike/FocusRecovery166$Pending;-><init>(Landroid/hardware/camera2/CameraCaptureSession;Landroid/hardware/camera2/CameraDevice;Landroid/hardware/camera2/CaptureRequest$Builder;Ljava/lang/Object;)V
PASS	Lcom/hiro/ulike/FocusRecovery166;-><clinit>()V
PASS	Lcom/hiro/ulike/FocusRecovery166;-><init>()V
PASS	Lcom/hiro/ulike/FocusRecovery166;->afterRollback(Ljava/lang/Object;)V
PASS	Lcom/hiro/ulike/FocusRecovery166;->cancelPreview(Landroid/hardware/camera2/CaptureRequest$Builder;)Z
PASS	Lcom/hiro/ulike/FocusRecovery166;->contains([II)Z
PASS	Lcom/hiro/ulike/FocusRecovery166;->current(Ljava/lang/Object;Lcom/hiro/ulike/FocusRecovery166$Pending;)Z
PASS	Lcom/hiro/ulike/FocusRecovery166;->eligible(Ljava/lang/Object;Lcom/hiro/ulike/FocusRecovery166$Pending;)Z
PASS	Lcom/hiro/ulike/FocusRecovery166;->equalInt(Ljava/lang/Object;I)Z
PASS	Lcom/hiro/ulike/FocusRecovery166;->field(Ljava/lang/Object;Ljava/lang/String;)Ljava/lang/Object;
PASS	Lcom/hiro/ulike/FocusRecovery166;->invalidate(Ljava/lang/Object;)V
PASS	Lcom/hiro/ulike/FocusRecovery166;->onFrame(Ljava/lang/Object;Landroid/hardware/camera2/CameraCaptureSession;)V
PASS	Lcom/hiro/ulike/FocusRecovery166;->remove(Ljava/lang/Object;Lcom/hiro/ulike/FocusRecovery166$Pending;)V
PASS	Lcom/hiro/ulike/FocusRecovery166;->resume(Ljava/lang/Object;Lcom/hiro/ulike/FocusRecovery166$Pending;)V
PASS	Lcom/hiro/ulike/FocusRecovery166;->routeCurrent(Ljava/lang/Object;Landroid/hardware/camera2/CameraCaptureSession;)Z
PASS	Lcom/hiro/ulike/FocusRecovery166;->zoom(Ljava/lang/String;)Ljava/lang/Object;
PASS	Lcom/hiro/ulike/FocusRecovery166;->zoomField(Ljava/lang/String;)Ljava/lang/reflect/Field;
PASS	Lcom/hiro/ulike/FocusRoute166$Snapshot;-><init>(Ljava/lang/Object;Ljava/lang/Object;Ljava/lang/Object;Ljava/lang/Object;Ljava/lang/Object;Ljava/lang/Object;)V
PASS	Lcom/hiro/ulike/FocusRoute166;-><clinit>()V
PASS	Lcom/hiro/ulike/FocusRoute166;-><init>()V
PASS	Lcom/hiro/ulike/FocusRoute166;->accept(Ljava/lang/Object;Landroid/hardware/camera2/CameraCaptureSession;)Z
PASS	Lcom/hiro/ulike/FocusRoute166;->created(Ljava/lang/Object;Ljava/lang/Object;Landroid/hardware/camera2/CaptureRequest$Builder;)V
PASS	Lcom/hiro/ulike/FocusRoute166;->field(Ljava/lang/Object;Ljava/lang/String;)Ljava/lang/Object;
PASS	Lcom/hiro/ulike/FocusRoute166;->photo(Ljava/lang/Object;)Z
PASS	Lcom/hiro/ulike/FrontPreview1931$Pending$1;-><init>(Lcom/hiro/ulike/FrontPreview1931$Pending;)V
PASS	Lcom/hiro/ulike/FrontPreview1931$Pending$1;->run()V
PASS	Lcom/hiro/ulike/FrontPreview1931$Pending$2;-><init>(Lcom/hiro/ulike/FrontPreview1931$Pending;)V
PASS	Lcom/hiro/ulike/FrontPreview1931$Pending$2;->run()V
PASS	Lcom/hiro/ulike/FrontPreview1931$Pending;-><init>(Lcom/ss/android/vesdk/VECameraCapture;Ljava/lang/Object;Ljava/lang/Object;JJJ)V
PASS	Lcom/hiro/ulike/FrontPreview1931$Pending;->current(Lcom/ss/android/vesdk/VECameraCapture;)Z
PASS	Lcom/hiro/ulike/FrontPreview1931$Pending;->run()V
PASS	Lcom/hiro/ulike/FrontPreview1931$Pending;->runNative()V
PASS	Lcom/hiro/ulike/FrontPreview1931$Pending;->snapshot(Ljava/lang/Object;)V
PASS	Lcom/hiro/ulike/FrontPreview1931;-><clinit>()V
PASS	Lcom/hiro/ulike/FrontPreview1931;-><init>()V
PASS	Lcom/hiro/ulike/FrontPreview1931;->access$000(Lcom/ss/android/vesdk/VECameraCapture;Lcom/hiro/ulike/FrontPreview1931$Pending;)V
PASS	Lcom/hiro/ulike/FrontPreview1931;->access$100(Ljava/lang/Object;Ljava/lang/String;)Ljava/lang/Object;
PASS	Lcom/hiro/ulike/FrontPreview1931;->access$1000(Ljava/lang/Object;)Z
PASS	Lcom/hiro/ulike/FrontPreview1931;->access$1100(Lcom/ss/android/vesdk/VECameraCapture;Ljava/lang/Object;)Z
PASS	Lcom/hiro/ulike/FrontPreview1931;->access$1200(Lcom/ss/android/vesdk/VECameraCapture;)I
PASS	Lcom/hiro/ulike/FrontPreview1931;->access$1300()Ljava/util/Map;
PASS	Lcom/hiro/ulike/FrontPreview1931;->access$1400(Lcom/ss/android/vesdk/VECameraCapture;)V
PASS	Lcom/hiro/ulike/FrontPreview1931;->access$1500(Lcom/ss/android/vesdk/VECameraCapture;)Z
PASS	Lcom/hiro/ulike/FrontPreview1931;->access$1600(Lcom/ss/android/vesdk/VECameraCapture;IZJ)V
PASS	Lcom/hiro/ulike/FrontPreview1931;->access$1700(Lcom/ss/android/vesdk/VECameraCapture;)V
PASS	Lcom/hiro/ulike/FrontPreview1931;->access$200(Ljava/lang/Object;)Ljava/lang/Object;
PASS	Lcom/hiro/ulike/FrontPreview1931;->access$300()Ljava/lang/Object;
PASS	Lcom/hiro/ulike/FrontPreview1931;->access$400()Ljava/util/Map;
PASS	Lcom/hiro/ulike/FrontPreview1931;->access$500(Lcom/ss/android/vesdk/VECameraCapture;)J
PASS	Lcom/hiro/ulike/FrontPreview1931;->access$600(Lcom/ss/android/vesdk/VECameraCapture;)Z
PASS	Lcom/hiro/ulike/FrontPreview1931;->access$700()Z
PASS	Lcom/hiro/ulike/FrontPreview1931;->access$800(Lcom/hiro/ulike/FrontPreview1931$Pending;J)V
PASS	Lcom/hiro/ulike/FrontPreview1931;->access$900()Ljava/lang/Object;
PASS	Lcom/hiro/ulike/FrontPreview1931;->before(Ljava/lang/Object;)Z
PASS	Lcom/hiro/ulike/FrontPreview1931;->busy()Z
PASS	Lcom/hiro/ulike/FrontPreview1931;->call(Ljava/lang/Object;Ljava/lang/String;)Ljava/lang/Object;
PASS	Lcom/hiro/ulike/FrontPreview1931;->cancel(Ljava/lang/Object;)V
PASS	Lcom/hiro/ulike/FrontPreview1931;->drop(Lcom/ss/android/vesdk/VECameraCapture;Lcom/hiro/ulike/FrontPreview1931$Pending;)V
PASS	Lcom/hiro/ulike/FrontPreview1931;->enter(Lcom/ss/android/vesdk/VECameraCapture;)V
PASS	Lcom/hiro/ulike/FrontPreview1931;->front(Lcom/ss/android/vesdk/VECameraCapture;)Z
PASS	Lcom/hiro/ulike/FrontPreview1931;->generation(Lcom/ss/android/vesdk/VECameraCapture;)J
PASS	Lcom/hiro/ulike/FrontPreview1931;->get(Ljava/lang/Object;Ljava/lang/String;)Ljava/lang/Object;
PASS	Lcom/hiro/ulike/FrontPreview1931;->hardware(Ljava/lang/Object;)Ljava/lang/Object;
PASS	Lcom/hiro/ulike/FrontPreview1931;->inputs(Lcom/ss/android/vesdk/VECameraCapture;)I
PASS	Lcom/hiro/ulike/FrontPreview1931;->isFront(Lcom/ss/android/vesdk/VECameraCapture;)Z
PASS	Lcom/hiro/ulike/FrontPreview1931;->leave(Lcom/ss/android/vesdk/VECameraCapture;)V
PASS	Lcom/hiro/ulike/FrontPreview1931;->nativeBlocked(Ljava/lang/Object;)Z
PASS	Lcom/hiro/ulike/FrontPreview1931;->nativeReady(Lcom/ss/android/vesdk/VECameraCapture;Ljava/lang/Object;)Z
PASS	Lcom/hiro/ulike/FrontPreview1931;->notReady(Lcom/ss/android/vesdk/VECameraCapture;)Z
PASS	Lcom/hiro/ulike/FrontPreview1931;->number(Ljava/lang/Object;Ljava/lang/String;)I
PASS	Lcom/hiro/ulike/FrontPreview1931;->optional(Ljava/lang/Object;Ljava/lang/String;)Ljava/lang/Object;
PASS	Lcom/hiro/ulike/FrontPreview1931;->owned(Lcom/ss/android/vesdk/VECameraCapture;)Z
PASS	Lcom/hiro/ulike/FrontPreview1931;->pipelines(Lcom/ss/android/vesdk/VECameraCapture;)V
PASS	Lcom/hiro/ulike/FrontPreview1931;->pixel(Ljava/lang/Object;Ljava/lang/Object;)V
PASS	Lcom/hiro/ulike/FrontPreview1931;->prepared(Ljava/lang/Object;I)V
PASS	Lcom/hiro/ulike/FrontPreview1931;->remember(Lcom/ss/android/vesdk/VECameraCapture;IZJ)V
PASS	Lcom/hiro/ulike/FrontPreview1931;->schedule(Lcom/hiro/ulike/FrontPreview1931$Pending;J)V
PASS	Lcom/hiro/ulike/FrontPreview1931;->server()Ljava/lang/Object;
PASS	Lcom/hiro/ulike/FrontPreview1931;->start(Lcom/ss/android/vesdk/VECameraCapture;)I
PASS	Lcom/hiro/ulike/FrontPreview1936$Pending$1;-><init>(Lcom/hiro/ulike/FrontPreview1936$Pending;)V
PASS	Lcom/hiro/ulike/FrontPreview1936$Pending$1;->run()V
PASS	Lcom/hiro/ulike/FrontPreview1936$Pending$2;-><init>(Lcom/hiro/ulike/FrontPreview1936$Pending;)V
PASS	Lcom/hiro/ulike/FrontPreview1936$Pending$2;->run()V
PASS	Lcom/hiro/ulike/FrontPreview1936$Pending;-><init>(Lcom/ss/android/vesdk/VECameraCapture;Ljava/lang/Object;Ljava/lang/Object;JJJ)V
PASS	Lcom/hiro/ulike/FrontPreview1936$Pending;->current(Lcom/ss/android/vesdk/VECameraCapture;)Z
PASS	Lcom/hiro/ulike/FrontPreview1936$Pending;->exhausted()Z
PASS	Lcom/hiro/ulike/FrontPreview1936$Pending;->run()V
PASS	Lcom/hiro/ulike/FrontPreview1936$Pending;->runNative()V
PASS	Lcom/hiro/ulike/FrontPreview1936$Pending;->snapshot(Ljava/lang/Object;)V
PASS	Lcom/hiro/ulike/FrontPreview1936;-><clinit>()V
PASS	Lcom/hiro/ulike/FrontPreview1936;-><init>()V
PASS	Lcom/hiro/ulike/FrontPreview1936;->access$000()Ljava/lang/Object;
PASS	Lcom/hiro/ulike/FrontPreview1936;->access$100()Ljava/util/Map;
PASS	Lcom/hiro/ulike/FrontPreview1936;->access$1000()Ljava/lang/Object;
PASS	Lcom/hiro/ulike/FrontPreview1936;->access$1100(Ljava/lang/Object;)Z
PASS	Lcom/hiro/ulike/FrontPreview1936;->access$1200(Ljava/lang/Object;)Z
PASS	Lcom/hiro/ulike/FrontPreview1936;->access$1300(Lcom/ss/android/vesdk/VECameraCapture;Ljava/lang/Object;)Z
PASS	Lcom/hiro/ulike/FrontPreview1936;->access$1400(Lcom/ss/android/vesdk/VECameraCapture;)I
PASS	Lcom/hiro/ulike/FrontPreview1936;->access$1500(Lcom/ss/android/vesdk/VECameraCapture;)Z
PASS	Lcom/hiro/ulike/FrontPreview1936;->access$1600()Ljava/util/Map;
PASS	Lcom/hiro/ulike/FrontPreview1936;->access$1700()Ljava/util/Map;
PASS	Lcom/hiro/ulike/FrontPreview1936;->access$1800(Lcom/ss/android/vesdk/VECameraCapture;)V
PASS	Lcom/hiro/ulike/FrontPreview1936;->access$1900(Lcom/ss/android/vesdk/VECameraCapture;)Z
PASS	Lcom/hiro/ulike/FrontPreview1936;->access$200()Ljava/util/Map;
PASS	Lcom/hiro/ulike/FrontPreview1936;->access$2000(Lcom/ss/android/vesdk/VECameraCapture;)Z
PASS	Lcom/hiro/ulike/FrontPreview1936;->access$2100(Ljava/lang/Object;Ljava/lang/String;)I
PASS	Lcom/hiro/ulike/FrontPreview1936;->access$2200(Ljava/lang/Object;)Z
PASS	Lcom/hiro/ulike/FrontPreview1936;->access$2300(Lcom/ss/android/vesdk/VECameraCapture;IZJ)V
PASS	Lcom/hiro/ulike/FrontPreview1936;->access$2400(Lcom/ss/android/vesdk/VECameraCapture;)V
PASS	Lcom/hiro/ulike/FrontPreview1936;->access$300(Lcom/ss/android/vesdk/VECameraCapture;Lcom/hiro/ulike/FrontPreview1936$Pending;)V
PASS	Lcom/hiro/ulike/FrontPreview1936;->access$400(Ljava/lang/Object;Ljava/lang/String;)Ljava/lang/Object;
PASS	Lcom/hiro/ulike/FrontPreview1936;->access$500(Ljava/lang/Object;)Ljava/lang/Object;
PASS	Lcom/hiro/ulike/FrontPreview1936;->access$600(Lcom/ss/android/vesdk/VECameraCapture;)J
PASS	Lcom/hiro/ulike/FrontPreview1936;->access$700(Lcom/ss/android/vesdk/VECameraCapture;)Z
PASS	Lcom/hiro/ulike/FrontPreview1936;->access$800()Z
PASS	Lcom/hiro/ulike/FrontPreview1936;->access$900(Lcom/hiro/ulike/FrontPreview1936$Pending;J)V
PASS	Lcom/hiro/ulike/FrontPreview1936;->before(Ljava/lang/Object;)Z
PASS	Lcom/hiro/ulike/FrontPreview1936;->busy()Z
PASS	Lcom/hiro/ulike/FrontPreview1936;->call(Ljava/lang/Object;Ljava/lang/String;)Ljava/lang/Object;
PASS	Lcom/hiro/ulike/FrontPreview1936;->canRenewDetached(Lcom/ss/android/vesdk/VECameraCapture;)Z
PASS	Lcom/hiro/ulike/FrontPreview1936;->cancel(Ljava/lang/Object;)V
PASS	Lcom/hiro/ulike/FrontPreview1936;->cancelGeneration(Lcom/ss/android/vesdk/VECameraCapture;J)V
PASS	Lcom/hiro/ulike/FrontPreview1936;->completed(Lcom/ss/android/vesdk/VECameraCapture;IZJ)V
PASS	Lcom/hiro/ulike/FrontPreview1936;->drop(Lcom/ss/android/vesdk/VECameraCapture;Lcom/hiro/ulike/FrontPreview1936$Pending;)V
PASS	Lcom/hiro/ulike/FrontPreview1936;->enter(Lcom/ss/android/vesdk/VECameraCapture;)V
PASS	Lcom/hiro/ulike/FrontPreview1936;->front(Lcom/ss/android/vesdk/VECameraCapture;)Z
PASS	Lcom/hiro/ulike/FrontPreview1936;->generation(Lcom/ss/android/vesdk/VECameraCapture;)J
PASS	Lcom/hiro/ulike/FrontPreview1936;->get(Ljava/lang/Object;Ljava/lang/String;)Ljava/lang/Object;
PASS	Lcom/hiro/ulike/FrontPreview1936;->hardware(Ljava/lang/Object;)Ljava/lang/Object;
PASS	Lcom/hiro/ulike/FrontPreview1936;->inputs(Lcom/ss/android/vesdk/VECameraCapture;)I
PASS	Lcom/hiro/ulike/FrontPreview1936;->isFront(Lcom/ss/android/vesdk/VECameraCapture;)Z
PASS	Lcom/hiro/ulike/FrontPreview1936;->leave(Lcom/ss/android/vesdk/VECameraCapture;)V
PASS	Lcom/hiro/ulike/FrontPreview1936;->nativeBlocked(Ljava/lang/Object;)Z
PASS	Lcom/hiro/ulike/FrontPreview1936;->nativeEnded(Ljava/lang/Object;)Z
PASS	Lcom/hiro/ulike/FrontPreview1936;->nativeReady(Lcom/ss/android/vesdk/VECameraCapture;Ljava/lang/Object;)Z
PASS	Lcom/hiro/ulike/FrontPreview1936;->nativeTransition(Ljava/lang/Object;)Z
PASS	Lcom/hiro/ulike/FrontPreview1936;->notReady(Lcom/ss/android/vesdk/VECameraCapture;)Z
PASS	Lcom/hiro/ulike/FrontPreview1936;->number(Ljava/lang/Object;Ljava/lang/String;)I
PASS	Lcom/hiro/ulike/FrontPreview1936;->observe(Lcom/ss/android/vesdk/VECameraCapture;J)Lcom/hiro/ulike/FrontPreview1936$Pending;
PASS	Lcom/hiro/ulike/FrontPreview1936;->optional(Ljava/lang/Object;Ljava/lang/String;)Ljava/lang/Object;
PASS	Lcom/hiro/ulike/FrontPreview1936;->owned(Lcom/ss/android/vesdk/VECameraCapture;)Z
PASS	Lcom/hiro/ulike/FrontPreview1936;->pipelines(Lcom/ss/android/vesdk/VECameraCapture;)V
PASS	Lcom/hiro/ulike/FrontPreview1936;->pixel(Ljava/lang/Object;Ljava/lang/Object;)V
PASS	Lcom/hiro/ulike/FrontPreview1936;->prepared(Ljava/lang/Object;I)V
PASS	Lcom/hiro/ulike/FrontPreview1936;->remember(Lcom/ss/android/vesdk/VECameraCapture;IZJ)V
PASS	Lcom/hiro/ulike/FrontPreview1936;->schedule(Lcom/hiro/ulike/FrontPreview1936$Pending;J)V
PASS	Lcom/hiro/ulike/FrontPreview1936;->server()Ljava/lang/Object;
PASS	Lcom/hiro/ulike/FrontPreview1936;->start(Lcom/ss/android/vesdk/VECameraCapture;)I
PASS	Lcom/hiro/ulike/FrontPreview1936;->texturePreview(Lcom/ss/android/vesdk/VECameraCapture;)Z
PASS	Lcom/hiro/ulike/FusionPixels1933$Analysis;-><init>()V
PASS	Lcom/hiro/ulike/FusionPixels1933$Analysis;->access$200(Lcom/hiro/ulike/FusionPixels1933$Analysis;Lcom/hiro/ulike/FusionPixels1933$Probe;)V
PASS	Lcom/hiro/ulike/FusionPixels1933$Analysis;->access$300(Lcom/hiro/ulike/FusionPixels1933$Analysis;)Lcom/hiro/ulike/FusionPixels1933$Probe;
PASS	Lcom/hiro/ulike/FusionPixels1933$Analysis;->clear()V
PASS	Lcom/hiro/ulike/FusionPixels1933$Analysis;->close()V
PASS	Lcom/hiro/ulike/FusionPixels1933$Analysis;->pending()Z
PASS	Lcom/hiro/ulike/FusionPixels1933$Analysis;->put(Lcom/hiro/ulike/FusionPixels1933$Probe;)V
PASS	Lcom/hiro/ulike/FusionPixels1933$Analysis;->take()Lcom/hiro/ulike/FusionPixels1933$Probe;
PASS	Lcom/hiro/ulike/FusionPixels1933$Motion;-><init>(FFFFFFZZ)V
PASS	Lcom/hiro/ulike/FusionPixels1933$Motion;-><init>(FFFFFFZZLcom/hiro/ulike/FusionPixels1933$1;)V
PASS	Lcom/hiro/ulike/FusionPixels1933$Pair;-><init>([BLcom/hiro/ulike/FusionPixels1933$Stats;)V
PASS	Lcom/hiro/ulike/FusionPixels1933$Pair;->shift()F
PASS	Lcom/hiro/ulike/FusionPixels1933$Probe;-><init>([B[BIIIIJJJJLcom/hiro/ulike/FusionPixels1933$Stats;Lcom/hiro/ulike/FusionPixels1933$Stats;Lcom/hiro/ulike/FusionPixels1933$Small;Lcom/hiro/ulike/FusionPixels1933$Small;Lcom/hiro/ulike/FusionPixels1933$Pair;)V
PASS	Lcom/hiro/ulike/FusionPixels1933$Probe;->matches([[BII[J[J[I)Z
PASS	Lcom/hiro/ulike/FusionPixels1933$Result;-><init>([BIJIFFJZ)V
PASS	Lcom/hiro/ulike/FusionPixels1933$Result;-><init>([BIJIFFJZLcom/hiro/ulike/FusionPixels1933$1;)V
PASS	Lcom/hiro/ulike/FusionPixels1933$Small;-><init>([BII)V
PASS	Lcom/hiro/ulike/FusionPixels1933$Stats;-><init>(FFF)V
PASS	Lcom/hiro/ulike/FusionPixels1933$Work;-><init>([B[BII[Lcom/hiro/ulike/FusionPixels1933$Pair;Lcom/hiro/ulike/FusionPixels1933$Stats;IZ)V
PASS	Lcom/hiro/ulike/FusionPixels1933$Worker;-><init>(Lcom/hiro/ulike/FusionPixels1933$Work;)V
PASS	Lcom/hiro/ulike/FusionPixels1933$Worker;->rows(II)V
PASS	Lcom/hiro/ulike/FusionPixels1933$Worker;->run()V
PASS	Lcom/hiro/ulike/FusionPixels1933;-><clinit>()V
PASS	Lcom/hiro/ulike/FusionPixels1933;-><init>()V
PASS	Lcom/hiro/ulike/FusionPixels1933;->access$000(F)F
PASS	Lcom/hiro/ulike/FusionPixels1933;->access$1000([BIIFFI)I
PASS	Lcom/hiro/ulike/FusionPixels1933;->access$500(B)I
PASS	Lcom/hiro/ulike/FusionPixels1933;->access$600()[I
PASS	Lcom/hiro/ulike/FusionPixels1933;->access$700([FIIFF)F
PASS	Lcom/hiro/ulike/FusionPixels1933;->access$800([BIFF)I
PASS	Lcom/hiro/ulike/FusionPixels1933;->access$900(III)I
PASS	Lcom/hiro/ulike/FusionPixels1933;->align([B[BIILcom/hiro/ulike/FusionPixels1933$Stats;Lcom/hiro/ulike/FusionPixels1933$Stats;Z)Lcom/hiro/ulike/FusionPixels1933$Pair;
PASS	Lcom/hiro/ulike/FusionPixels1933;->align([B[BIILcom/hiro/ulike/FusionPixels1933$Stats;Lcom/hiro/ulike/FusionPixels1933$Stats;ZLcom/hiro/ulike/FusionPixels1933$Small;Lcom/hiro/ulike/FusionPixels1933$Small;)Lcom/hiro/ulike/FusionPixels1933$Pair;
PASS	Lcom/hiro/ulike/FusionPixels1933;->buildMesh([BLcom/hiro/ulike/FusionPixels1933$Pair;IILcom/hiro/ulike/FusionPixels1933$Stats;)V
PASS	Lcom/hiro/ulike/FusionPixels1933;->clamp(III)I
PASS	Lcom/hiro/ulike/FusionPixels1933;->darkness(F)F
PASS	Lcom/hiro/ulike/FusionPixels1933;->finite(D)Z
PASS	Lcom/hiro/ulike/FusionPixels1933;->fuse([[BII[JIZI)Lcom/hiro/ulike/FusionPixels1933$Result;
PASS	Lcom/hiro/ulike/FusionPixels1933;->fuse([[BII[J[J[IIZI)Lcom/hiro/ulike/FusionPixels1933$Result;
PASS	Lcom/hiro/ulike/FusionPixels1933;->fuse([[BII[J[J[IIZILcom/hiro/ulike/FusionPixels1933$Analysis;)Lcom/hiro/ulike/FusionPixels1933$Result;
PASS	Lcom/hiro/ulike/FusionPixels1933;->globalCost([B[BIIII)D
PASS	Lcom/hiro/ulike/FusionPixels1933;->interpolate([FIIFF)F
PASS	Lcom/hiro/ulike/FusionPixels1933;->mean3([BIII)F
PASS	Lcom/hiro/ulike/FusionPixels1933;->mean3At([BIFF)F
PASS	Lcom/hiro/ulike/FusionPixels1933;->median([II)I
PASS	Lcom/hiro/ulike/FusionPixels1933;->patchCost([B[BIIIIFFF)F
PASS	Lcom/hiro/ulike/FusionPixels1933;->photometry([B[BIIFFF)[F
PASS	Lcom/hiro/ulike/FusionPixels1933;->probeMotion([B[BIIIJ)Lcom/hiro/ulike/FusionPixels1933$Motion;
PASS	Lcom/hiro/ulike/FusionPixels1933;->probeMotion([B[BIIIJLcom/hiro/ulike/FusionPixels1933$Analysis;JJIJ)Lcom/hiro/ulike/FusionPixels1933$Motion;
PASS	Lcom/hiro/ulike/FusionPixels1933;->ratio(JJ)D
PASS	Lcom/hiro/ulike/FusionPixels1933;->sameExposure([J[III)Z
PASS	Lcom/hiro/ulike/FusionPixels1933;->sampleUV([BIIFFI)I
PASS	Lcom/hiro/ulike/FusionPixels1933;->sampleY([BIFF)I
PASS	Lcom/hiro/ulike/FusionPixels1933;->sharpnessGain([B[BIILcom/hiro/ulike/FusionPixels1933$Stats;Lcom/hiro/ulike/FusionPixels1933$Stats;Lcom/hiro/ulike/FusionPixels1933$Pair;)F
PASS	Lcom/hiro/ulike/FusionPixels1933;->single([BIJZ)Lcom/hiro/ulike/FusionPixels1933$Result;
PASS	Lcom/hiro/ulike/FusionPixels1933;->smallCost(Lcom/hiro/ulike/FusionPixels1933$Small;Lcom/hiro/ulike/FusionPixels1933$Small;II)D
PASS	Lcom/hiro/ulike/FusionPixels1933;->statistics([BII)Lcom/hiro/ulike/FusionPixels1933$Stats;
PASS	Lcom/hiro/ulike/FusionPixels1933;->subpixel(DDD)F
PASS	Lcom/hiro/ulike/FusionPixels1933;->u(B)I
PASS	Lcom/hiro/ulike/FusionPixels1933;->unit(F)F
PASS	Lcom/hiro/ulike/FusionPixels1933;->unknown([BII)Lcom/hiro/ulike/FusionPixels1933$Motion;
PASS	Lcom/hiro/ulike/FusionPixels1933;->validate([BII)I
PASS	Lcom/hiro/ulike/FusionPixels1933;->withinShutterMotion(Lcom/hiro/ulike/FusionPixels1933$Motion;II)Z
PASS	Lcom/hiro/ulike/InventoryCache173$Scope;-><init>(Landroid/hardware/camera2/CameraManager;Lcom/hiro/ulike/InventoryCache173$Scope;)V
PASS	Lcom/hiro/ulike/InventoryCache173;-><clinit>()V
PASS	Lcom/hiro/ulike/InventoryCache173;-><init>()V
PASS	Lcom/hiro/ulike/InventoryCache173;->begin(Landroid/hardware/camera2/CameraManager;Ljava/lang/String;Landroid/hardware/camera2/CameraCharacteristics;)Lcom/hiro/ulike/InventoryCache173$Scope;
PASS	Lcom/hiro/ulike/InventoryCache173;->characteristics(Landroid/hardware/camera2/CameraManager;Ljava/lang/String;)Landroid/hardware/camera2/CameraCharacteristics;
PASS	Lcom/hiro/ulike/InventoryCache173;->end(Lcom/hiro/ulike/InventoryCache173$Scope;)V
PASS	Lcom/hiro/ulike/InventoryCache173;->ids(Landroid/hardware/camera2/CameraManager;)[Ljava/lang/String;
PASS	Lcom/hiro/ulike/LayoutGeometry1937$Snapshot;-><init>([Ljava/lang/Object;Lcom/bytedance/corecamera/ui/view/CameraShadeView;Landroid/graphics/RectF;Lcom/bytedance/corecamera/camera/basic/PureCameraFragment;)V
PASS	Lcom/hiro/ulike/LayoutGeometry1937$Snapshot;->capture(Lcom/bytedance/corecamera/camera/basic/PureCameraFragment;Lcom/bytedance/corecamera/ui/view/CameraShadeView;Landroid/graphics/RectF;)Lcom/hiro/ulike/LayoutGeometry1937$Snapshot;
PASS	Lcom/hiro/ulike/LayoutGeometry1937$Snapshot;->finite(F)Z
PASS	Lcom/hiro/ulike/LayoutGeometry1937$Snapshot;->same(Lcom/hiro/ulike/LayoutGeometry1937$Snapshot;)Z
PASS	Lcom/hiro/ulike/LayoutGeometry1937;-><clinit>()V
PASS	Lcom/hiro/ulike/LayoutGeometry1937;-><init>()V
PASS	Lcom/hiro/ulike/LayoutGeometry1937;->beginDelivery(Lcom/bytedance/corecamera/camera/basic/PureCameraFragment;Landroid/graphics/RectF;)V
PASS	Lcom/hiro/ulike/LayoutGeometry1937;->cameraHeight(Li/o/a/b1/a/g/y;)I
PASS	Lcom/hiro/ulike/LayoutGeometry1937;->cameraWidth(Li/o/a/b1/a/g/y;)I
PASS	Lcom/hiro/ulike/LayoutGeometry1937;->equivalent(Lcom/bytedance/corecamera/camera/basic/PureCameraFragment;Landroid/widget/RelativeLayout$LayoutParams;Landroid/widget/RelativeLayout$LayoutParams;Landroid/graphics/RectF;)Z
PASS	Lcom/hiro/ulike/LayoutGeometry1937;->markDelivery(Lcom/bytedance/corecamera/camera/basic/PureCameraFragment;Landroid/graphics/RectF;)V
PASS	Lcom/hiro/ulike/LayoutGeometry1937;->measured(Lcom/bytedance/corecamera/ui/view/CameraShadeView;Z)I
PASS	Lcom/hiro/ulike/LayoutGeometry1937;->previewHeight(Li/o/a/m/j/f;)I
PASS	Lcom/hiro/ulike/LayoutGeometry1937;->previewWidth(Li/o/a/m/j/f;)I
PASS	Lcom/hiro/ulike/LayoutGeometry1937;->shade(Lcom/bytedance/corecamera/camera/basic/PureCameraFragment;)Lcom/bytedance/corecamera/ui/view/CameraShadeView;
PASS	Lcom/hiro/ulike/LayoutGeometry1937;->shade(Li/o/a/b1/a/g/y;)Lcom/bytedance/corecamera/ui/view/CameraShadeView;
PASS	Lcom/hiro/ulike/LayoutLifecycle1937$1;-><init>(Ljava/lang/ref/WeakReference;ZJLjava/lang/Runnable;)V
PASS	Lcom/hiro/ulike/LayoutLifecycle1937$1;->run()V
PASS	Lcom/hiro/ulike/LayoutLifecycle1937;-><init>()V
PASS	Lcom/hiro/ulike/LayoutLifecycle1937;->camera(Li/o/a/b1/a/d/b;II)Z
PASS	Lcom/hiro/ulike/LayoutLifecycle1937;->post(Landroid/os/Handler;Ljava/lang/Runnable;JLcom/bytedance/corecamera/ui/view/CameraShadeView;Z)Z
PASS	Lcom/hiro/ulike/LayoutLifecycle1937;->postCamera(Landroid/os/Handler;Ljava/lang/Runnable;J)Z
PASS	Lcom/hiro/ulike/LayoutLifecycle1937;->postPreview(Landroid/os/Handler;Ljava/lang/Runnable;J)Z
PASS	Lcom/hiro/ulike/LayoutLifecycle1937;->postSettled(Landroid/os/Handler;Ljava/lang/Runnable;J)Z
PASS	Lcom/hiro/ulike/LayoutLifecycle1937;->preview(Li/o/a/m/j/f;I)Z
PASS	Lcom/hiro/ulike/LayoutLifecycle1937;->ratio(Lcom/bytedance/corecamera/ui/view/CameraShadeView;IZ)Z
PASS	Lcom/hiro/ulike/LayoutLifecycle1937;->settled(Lcom/bytedance/corecamera/ui/view/CameraShadeView;)Z
PASS	Lcom/hiro/ulike/LensFast167$State;-><init>(Landroid/hardware/camera2/CameraCaptureSession;Landroid/hardware/camera2/CaptureRequest$Builder;)V
PASS	Lcom/hiro/ulike/LensFast167;-><clinit>()V
PASS	Lcom/hiro/ulike/LensFast167;-><init>()V
PASS	Lcom/hiro/ulike/LensFast167;->afterCallback(Ljava/lang/Object;Landroid/hardware/camera2/CameraCaptureSession;Landroid/hardware/camera2/CaptureRequest;Landroid/hardware/camera2/TotalCaptureResult;)V
PASS	Lcom/hiro/ulike/LensFast167;->callZoom(Ljava/lang/String;[Ljava/lang/Class;[Ljava/lang/Object;)Ljava/lang/Object;
PASS	Lcom/hiro/ulike/LensFast167;->current(Ljava/lang/Object;Ljava/lang/Object;Landroid/hardware/camera2/CameraCaptureSession;Landroid/hardware/camera2/CaptureRequest$Builder;)Z
PASS	Lcom/hiro/ulike/LensFast167;->eligible(Ljava/lang/Object;Ljava/lang/Object;Landroid/hardware/camera2/CameraCaptureSession;Landroid/hardware/camera2/CaptureRequest$Builder;)Z
PASS	Lcom/hiro/ulike/LensFast167;->eq(Ljava/lang/Object;I)Z
PASS	Lcom/hiro/ulike/LensFast167;->f(Ljava/lang/Object;Ljava/lang/String;)Ljava/lang/Object;
PASS	Lcom/hiro/ulike/LensFast167;->focusCreated(Ljava/lang/Object;Ljava/lang/Object;Landroid/hardware/camera2/CaptureRequest$Builder;)V
PASS	Lcom/hiro/ulike/LensFast167;->has([II)Z
PASS	Lcom/hiro/ulike/LensFast167;->kick(Ljava/lang/Object;Ljava/lang/Object;Landroid/hardware/camera2/CameraCaptureSession;Landroid/hardware/camera2/CaptureRequest$Builder;)V
PASS	Lcom/hiro/ulike/LensFast167;->manualIntent(I)V
PASS	Lcom/hiro/ulike/LensFast167;->selected(I)Z
PASS	Lcom/hiro/ulike/LensFast167;->yes(Ljava/lang/Object;)Z
PASS	Lcom/hiro/ulike/LensFast167;->z(Ljava/lang/String;)Ljava/lang/Object;
PASS	Lcom/hiro/ulike/LensFast167;->zf(Ljava/lang/String;)Ljava/lang/reflect/Field;
PASS	Lcom/hiro/ulike/LensLifecycle172$1;-><init>(J)V
PASS	Lcom/hiro/ulike/LensLifecycle172$1;->run()V
PASS	Lcom/hiro/ulike/LensLifecycle172$2;-><init>(J)V
PASS	Lcom/hiro/ulike/LensLifecycle172$2;->run()V
PASS	Lcom/hiro/ulike/LensLifecycle172$3;-><init>(Lcom/hiro/ulike/OpticalZoom$Route;Ljava/lang/String;)V
PASS	Lcom/hiro/ulike/LensLifecycle172$3;->run()V
PASS	Lcom/hiro/ulike/LensLifecycle172$Watch;-><init>(JJLjava/lang/ref/WeakReference;J)V
PASS	Lcom/hiro/ulike/LensLifecycle172$Watch;->run()V
PASS	Lcom/hiro/ulike/LensLifecycle172;-><clinit>()V
PASS	Lcom/hiro/ulike/LensLifecycle172;-><init>()V
PASS	Lcom/hiro/ulike/LensLifecycle172;->accepted(J)V
PASS	Lcom/hiro/ulike/LensLifecycle172;->access$000()J
PASS	Lcom/hiro/ulike/LensLifecycle172;->arm()V
PASS	Lcom/hiro/ulike/LensLifecycle172;->b(Ljava/lang/String;)Z
PASS	Lcom/hiro/ulike/LensLifecycle172;->blocked()Z
PASS	Lcom/hiro/ulike/LensLifecycle172;->fail(Lcom/hiro/ulike/OpticalZoom$Route;Ljava/lang/String;)V
PASS	Lcom/hiro/ulike/LensLifecycle172;->failure(JLjava/lang/String;)V
PASS	Lcom/hiro/ulike/LensLifecycle172;->g(Ljava/lang/String;)Ljava/lang/Object;
PASS	Lcom/hiro/ulike/LensLifecycle172;->invoke(Ljava/lang/Object;Ljava/lang/String;[Ljava/lang/Class;[Ljava/lang/Object;)Ljava/lang/Object;
PASS	Lcom/hiro/ulike/LensLifecycle172;->kick()V
PASS	Lcom/hiro/ulike/LensLifecycle172;->n(Ljava/lang/String;)J
PASS	Lcom/hiro/ulike/LensLifecycle172;->nativeState(Ljava/lang/Object;)I
PASS	Lcom/hiro/ulike/LensLifecycle172;->onForeground(Ljava/lang/Object;)V
PASS	Lcom/hiro/ulike/LensLifecycle172;->p(Ljava/lang/String;Ljava/lang/Object;)V
PASS	Lcom/hiro/ulike/LensLifecycle172;->repeat(JJ)V
PASS	Lcom/hiro/ulike/LensLifecycle172;->restart(J)V
PASS	Lcom/hiro/ulike/LensLifecycle172;->routeChosen(Lcom/hiro/ulike/OpticalZoom$Route;)V
PASS	Lcom/hiro/ulike/LensLifecycle172;->scheduleTimeout(J)V
PASS	Lcom/hiro/ulike/LensMath;-><init>()V
PASS	Lcom/hiro/ulike/LensMath;->bar(DDDDIIF)[I
PASS	Lcom/hiro/ulike/LensMath;->finitePositive(D)Z
PASS	Lcom/hiro/ulike/LensMath;->fits(II[[I)Z
PASS	Lcom/hiro/ulike/LensMath;->power(DDD)D
PASS	Lcom/hiro/ulike/LensMath;->score(DDI)D
PASS	Lcom/hiro/ulike/LensRelease163$Check;-><init>(Lcom/hiro/ulike/LensRelease163$Ticket;)V
PASS	Lcom/hiro/ulike/LensRelease163$Check;->run()V
PASS	Lcom/hiro/ulike/LensRelease163$Ticket;-><init>(Ljava/lang/Object;Lcom/hiro/ulike/OpticalZoom$Route;JJJI)V
PASS	Lcom/hiro/ulike/LensRelease163;-><clinit>()V
PASS	Lcom/hiro/ulike/LensRelease163;-><init>()V
PASS	Lcom/hiro/ulike/LensRelease163;->access$000()Ljava/lang/Object;
PASS	Lcom/hiro/ulike/LensRelease163;->access$100()Lcom/hiro/ulike/LensRelease163$Ticket;
PASS	Lcom/hiro/ulike/LensRelease163;->access$102(Lcom/hiro/ulike/LensRelease163$Ticket;)Lcom/hiro/ulike/LensRelease163$Ticket;
PASS	Lcom/hiro/ulike/LensRelease163;->beginStop(Ljava/lang/Object;)Ljava/lang/Object;
PASS	Lcom/hiro/ulike/LensRelease163;->bindDelivery(Ljava/lang/Object;Ljava/lang/Object;Landroid/graphics/Bitmap;)V
PASS	Lcom/hiro/ulike/LensRelease163;->bindStop(Ljava/lang/Object;Ljava/lang/Object;)V
PASS	Lcom/hiro/ulike/LensRelease163;->callbackFinished(Ljava/lang/Object;)V
PASS	Lcom/hiro/ulike/LensRelease163;->cameraPhoto(Ljava/lang/Object;Ljava/lang/Object;)V
PASS	Lcom/hiro/ulike/LensRelease163;->captureFailed(Ljava/lang/Object;I)V
PASS	Lcom/hiro/ulike/LensRelease163;->completeLocked(Lcom/hiro/ulike/LensRelease163$Ticket;)V
PASS	Lcom/hiro/ulike/LensRelease163;->current(Lcom/hiro/ulike/LensRelease163$Ticket;)Z
PASS	Lcom/hiro/ulike/LensRelease163;->deliveryFinished(Ljava/lang/Object;)V
PASS	Lcom/hiro/ulike/LensRelease163;->invalidate(I)V
PASS	Lcom/hiro/ulike/LensRelease163;->nativeFinished(Ljava/lang/Object;I)V
PASS	Lcom/hiro/ulike/LensRelease163;->offer(Lcom/hiro/ulike/LensRelease163$Ticket;)V
PASS	Lcom/hiro/ulike/LensRelease163;->readyEvent(Lcom/hiro/ulike/OpticalZoom$Route;)V
PASS	Lcom/hiro/ulike/LensRelease163;->stopCallbackFinished(Ljava/lang/Object;I)V
PASS	Lcom/hiro/ulike/LensRelease163;->stopFinished(Ljava/lang/Object;I)V
PASS	Lcom/hiro/ulike/LensRelease163;->ticket(Ljava/lang/Object;Lcom/hiro/ulike/OpticalZoom$Route;JJI)Lcom/hiro/ulike/LensRelease163$Ticket;
PASS	Lcom/hiro/ulike/LensSwitch162$Wake;-><init>(Lcom/hiro/ulike/OpticalZoom$Route;JJ)V
PASS	Lcom/hiro/ulike/LensSwitch162$Wake;->run()V
PASS	Lcom/hiro/ulike/LensSwitch162;-><clinit>()V
PASS	Lcom/hiro/ulike/LensSwitch162;-><init>()V
PASS	Lcom/hiro/ulike/LensSwitch162;->access$000()Ljava/lang/Object;
PASS	Lcom/hiro/ulike/LensSwitch162;->access$100()Lcom/hiro/ulike/LensSwitch162$Wake;
PASS	Lcom/hiro/ulike/LensSwitch162;->access$102(Lcom/hiro/ulike/LensSwitch162$Wake;)Lcom/hiro/ulike/LensSwitch162$Wake;
PASS	Lcom/hiro/ulike/LensSwitch162;->offer(Lcom/hiro/ulike/OpticalZoom$Route;JJ)V
PASS	Lcom/hiro/ulike/LensVisibility1936$1;-><init>(Ljava/lang/ref/WeakReference;)V
PASS	Lcom/hiro/ulike/LensVisibility1936$1;->run()V
PASS	Lcom/hiro/ulike/LensVisibility1936;-><clinit>()V
PASS	Lcom/hiro/ulike/LensVisibility1936;-><init>()V
PASS	Lcom/hiro/ulike/LensVisibility1936;->acceptedSwitch(Li/f/l/n/q/y/c;Z)V
PASS	Lcom/hiro/ulike/LensVisibility1936;->access$000(Li/f/l/n/q/y/c;)V
PASS	Lcom/hiro/ulike/LensVisibility1936;->refresh(Li/f/l/n/q/y/c;)V
PASS	Lcom/hiro/ulike/LensVisibility1936;->register(Ljava/lang/Object;)V
PASS	Lcom/hiro/ulike/LensWait188$Pending;-><init>(JJLjava/lang/Object;J)V
PASS	Lcom/hiro/ulike/LensWait188$Pending;->run()V
PASS	Lcom/hiro/ulike/LensWait188;-><clinit>()V
PASS	Lcom/hiro/ulike/LensWait188;-><init>()V
PASS	Lcom/hiro/ulike/LensWait188;->access$000()Lcom/hiro/ulike/LensWait188$Pending;
PASS	Lcom/hiro/ulike/LensWait188;->access$002(Lcom/hiro/ulike/LensWait188$Pending;)Lcom/hiro/ulike/LensWait188$Pending;
PASS	Lcom/hiro/ulike/LensWait188;->access$100(Ljava/lang/Object;Ljava/lang/Object;)Z
PASS	Lcom/hiro/ulike/LensWait188;->access$200(J)V
PASS	Lcom/hiro/ulike/LensWait188;->access$302(J)J
PASS	Lcom/hiro/ulike/LensWait188;->cancelCurrent(J)V
PASS	Lcom/hiro/ulike/LensWait188;->kick()V
PASS	Lcom/hiro/ulike/LensWait188;->later(J)V
PASS	Lcom/hiro/ulike/LensWait188;->removePending()V
PASS	Lcom/hiro/ulike/LensWait188;->sameCapture(Ljava/lang/Object;Ljava/lang/Object;)Z
PASS	Lcom/hiro/ulike/LensWait188;->schedule(JZ)V
PASS	Lcom/hiro/ulike/LongMoire1934;-><clinit>()V
PASS	Lcom/hiro/ulike/LongMoire1934;-><init>()V
PASS	Lcom/hiro/ulike/LongMoire1934;->correct([IIII)I
PASS	Lcom/hiro/ulike/LongMoire1934;->distance(IIII)I
PASS	Lcom/hiro/ulike/LongMoire1934;->round(II)I
PASS	Lcom/hiro/ulike/LongMoire1934;->u(I)I
PASS	Lcom/hiro/ulike/LongMoire1934;->v(I)I
PASS	Lcom/hiro/ulike/LongMoire1934;->y(I)I
PASS	Lcom/hiro/ulike/MacroPolicy168$Candidate;-><init>(Ljava/lang/String;DZ)V
PASS	Lcom/hiro/ulike/MacroPolicy168;-><init>()V
PASS	Lcom/hiro/ulike/MacroPolicy168;->equivalent(DDD)D
PASS	Lcom/hiro/ulike/MacroPolicy168;->finite(D)Z
PASS	Lcom/hiro/ulike/MacroPolicy168;->macro([Lcom/hiro/ulike/MacroPolicy168$Candidate;I)I
PASS	Lcom/hiro/ulike/MacroPolicy168;->main([Lcom/hiro/ulike/MacroPolicy168$Candidate;)I
PASS	Lcom/hiro/ulike/MacroUi168$1;-><init>(Ljava/lang/ref/WeakReference;)V
PASS	Lcom/hiro/ulike/MacroUi168$1;->onClick(Landroid/view/View;)V
PASS	Lcom/hiro/ulike/MacroUi168$2;-><init>()V
PASS	Lcom/hiro/ulike/MacroUi168$2;->onTouch(Landroid/view/View;Landroid/view/MotionEvent;)Z
PASS	Lcom/hiro/ulike/MacroUi168$Control;-><init>(Landroid/widget/LinearLayout;Landroid/widget/TextView;Landroid/widget/ImageButton;)V
PASS	Lcom/hiro/ulike/MacroUi168$Tulip;-><init>(I)V
PASS	Lcom/hiro/ulike/MacroUi168$Tulip;->draw(Landroid/graphics/Canvas;)V
PASS	Lcom/hiro/ulike/MacroUi168$Tulip;->getOpacity()I
PASS	Lcom/hiro/ulike/MacroUi168$Tulip;->setAlpha(I)V
PASS	Lcom/hiro/ulike/MacroUi168$Tulip;->setColorFilter(Landroid/graphics/ColorFilter;)V
PASS	Lcom/hiro/ulike/MacroUi168;-><clinit>()V
PASS	Lcom/hiro/ulike/MacroUi168;-><init>()V
PASS	Lcom/hiro/ulike/MacroUi168;->attach(Ljava/lang/Object;)V
PASS	Lcom/hiro/ulike/MacroUi168;->refresh(Ljava/lang/Object;)V
PASS	Lcom/hiro/ulike/MainMacro168$Pair;-><init>(Lcom/hiro/ulike/OpticalZoom$Lens;Lcom/hiro/ulike/OpticalZoom$Lens;)V
PASS	Lcom/hiro/ulike/MainMacro168;-><clinit>()V
PASS	Lcom/hiro/ulike/MainMacro168;-><init>()V
PASS	Lcom/hiro/ulike/MainMacro168;->adopt175(Lcom/hiro/ulike/OpticalZoom$Inventory;Lcom/hiro/ulike/OpticalZoom$Lens;Lcom/hiro/ulike/OpticalZoom$Lens;)V
PASS	Lcom/hiro/ulike/MainMacro168;->beforeFail(Ljava/lang/Object;)V
PASS	Lcom/hiro/ulike/MainMacro168;->beforeFailureHandling(JLjava/lang/String;)V
PASS	Lcom/hiro/ulike/MainMacro168;->eq(Landroid/hardware/camera2/CameraCharacteristics;)D
PASS	Lcom/hiro/ulike/MainMacro168;->field(Ljava/lang/String;)Ljava/lang/reflect/Field;
PASS	Lcom/hiro/ulike/MainMacro168;->lens(Lcom/hiro/ulike/OpticalZoom$Inventory;I)Lcom/hiro/ulike/OpticalZoom$Lens;
PASS	Lcom/hiro/ulike/MainMacro168;->macroIntent()Z
PASS	Lcom/hiro/ulike/MainMacro168;->matches(Lcom/hiro/ulike/OpticalZoom$Route;Lcom/hiro/ulike/OpticalZoom$Lens;)Z
PASS	Lcom/hiro/ulike/MainMacro168;->messageText(Ljava/lang/String;)Ljava/lang/String;
PASS	Lcom/hiro/ulike/MainMacro168;->pair(Lcom/hiro/ulike/OpticalZoom$Inventory;)Lcom/hiro/ulike/MainMacro168$Pair;
PASS	Lcom/hiro/ulike/MainMacro168;->physical(Landroid/hardware/camera2/CameraCharacteristics;)Ljava/util/Set;
PASS	Lcom/hiro/ulike/MainMacro168;->recording()Z
PASS	Lcom/hiro/ulike/MainMacro168;->scan(Landroid/hardware/camera2/CameraManager;Ljava/lang/String;Landroid/hardware/camera2/CameraCharacteristics;D)Lcom/hiro/ulike/OpticalZoom$Inventory;
PASS	Lcom/hiro/ulike/MainMacro168;->scanAnchored175(Landroid/hardware/camera2/CameraManager;Ljava/lang/String;Landroid/hardware/camera2/CameraCharacteristics;Lcom/hiro/ulike/OpticalZoom$Lens;Ljava/util/Map;[Ljava/lang/String;)Lcom/hiro/ulike/OpticalZoom$Inventory;
PASS	Lcom/hiro/ulike/MainMacro168;->scanOnce173(Landroid/hardware/camera2/CameraManager;Ljava/lang/String;Landroid/hardware/camera2/CameraCharacteristics;D)Lcom/hiro/ulike/OpticalZoom$Inventory;
PASS	Lcom/hiro/ulike/MainMacro168;->scanOnce175(Landroid/hardware/camera2/CameraManager;Ljava/lang/String;Landroid/hardware/camera2/CameraCharacteristics;DLcom/hiro/ulike/OpticalZoom$Lens;)Lcom/hiro/ulike/OpticalZoom$Inventory;
PASS	Lcom/hiro/ulike/MainMacro168;->set(Ljava/lang/String;Ljava/lang/Object;)V
PASS	Lcom/hiro/ulike/MainMacro168;->state()Ljava/lang/String;
PASS	Lcom/hiro/ulike/MainMacro168;->z(Ljava/lang/String;)Ljava/lang/Object;
PASS	Lcom/hiro/ulike/ManualLens170$1;-><init>(J)V
PASS	Lcom/hiro/ulike/ManualLens170$1;->run()V
PASS	Lcom/hiro/ulike/ManualLens170$2;-><init>(J)V
PASS	Lcom/hiro/ulike/ManualLens170$2;->run()V
PASS	Lcom/hiro/ulike/ManualLens170$State;-><init>(Lcom/hiro/ulike/OpticalZoom$Route;Landroid/hardware/camera2/CameraCaptureSession$StateCallback;J)V
PASS	Lcom/hiro/ulike/ManualLens170$State;->closeStale(Landroid/hardware/camera2/CameraCaptureSession;)V
PASS	Lcom/hiro/ulike/ManualLens170$State;->current()Z
PASS	Lcom/hiro/ulike/ManualLens170$State;->onActive(Landroid/hardware/camera2/CameraCaptureSession;)V
PASS	Lcom/hiro/ulike/ManualLens170$State;->onCaptureQueueEmpty(Landroid/hardware/camera2/CameraCaptureSession;)V
PASS	Lcom/hiro/ulike/ManualLens170$State;->onClosed(Landroid/hardware/camera2/CameraCaptureSession;)V
PASS	Lcom/hiro/ulike/ManualLens170$State;->onConfigureFailed(Landroid/hardware/camera2/CameraCaptureSession;)V
PASS	Lcom/hiro/ulike/ManualLens170$State;->onConfigured(Landroid/hardware/camera2/CameraCaptureSession;)V
PASS	Lcom/hiro/ulike/ManualLens170$State;->onReady(Landroid/hardware/camera2/CameraCaptureSession;)V
PASS	Lcom/hiro/ulike/ManualLens170$State;->onSurfacePrepared(Landroid/hardware/camera2/CameraCaptureSession;Landroid/view/Surface;)V
PASS	Lcom/hiro/ulike/ManualLens170;-><clinit>()V
PASS	Lcom/hiro/ulike/ManualLens170;-><init>()V
PASS	Lcom/hiro/ulike/ManualLens170;->access$000()Ljava/util/Map;
PASS	Lcom/hiro/ulike/ManualLens170;->access$100()Ljava/util/Map;
PASS	Lcom/hiro/ulike/ManualLens170;->access$200()Ljava/util/Map;
PASS	Lcom/hiro/ulike/ManualLens170;->access$300(Lcom/hiro/ulike/OpticalZoom$Route;Ljava/lang/String;)V
PASS	Lcom/hiro/ulike/ManualLens170;->beforeFailureHandling(JLjava/lang/String;)V
PASS	Lcom/hiro/ulike/ManualLens170;->build(Landroid/hardware/camera2/CaptureRequest$Builder;)Landroid/hardware/camera2/CaptureRequest;
PASS	Lcom/hiro/ulike/ManualLens170;->call(Ljava/lang/String;[Ljava/lang/Class;[Ljava/lang/Object;)Ljava/lang/Object;
PASS	Lcom/hiro/ulike/ManualLens170;->cameraFailure(Lcom/hiro/ulike/OpticalZoom$Route;Ljava/lang/String;Ljava/lang/Throwable;)Landroid/hardware/camera2/CameraAccessException;
PASS	Lcom/hiro/ulike/ManualLens170;->choose(Ljava/lang/Object;Ljava/lang/String;)Ljava/lang/String;
PASS	Lcom/hiro/ulike/ManualLens170;->createRequest(Landroid/hardware/camera2/CameraDevice;I)Landroid/hardware/camera2/CaptureRequest$Builder;
PASS	Lcom/hiro/ulike/ManualLens170;->createSession(Landroid/hardware/camera2/CameraDevice;Landroid/hardware/camera2/params/SessionConfiguration;)V
PASS	Lcom/hiro/ulike/ManualLens170;->drain(J)V
PASS	Lcom/hiro/ulike/ManualLens170;->field(Ljava/lang/String;)Ljava/lang/reflect/Field;
PASS	Lcom/hiro/ulike/ManualLens170;->fixedDirect(Landroid/hardware/camera2/CameraCharacteristics;)Z
PASS	Lcom/hiro/ulike/ManualLens170;->get(Ljava/lang/String;)Ljava/lang/Object;
PASS	Lcom/hiro/ulike/ManualLens170;->label(I)Ljava/lang/String;
PASS	Lcom/hiro/ulike/ManualLens170;->later(J)V
PASS	Lcom/hiro/ulike/ManualLens170;->matches(Lcom/hiro/ulike/OpticalZoom$Route;I)Z
PASS	Lcom/hiro/ulike/ManualLens170;->message(Ljava/lang/String;)V
PASS	Lcom/hiro/ulike/ManualLens170;->number(Ljava/lang/String;)J
PASS	Lcom/hiro/ulike/ManualLens170;->observe(Lcom/hiro/ulike/OpticalZoom$Route;Landroid/hardware/camera2/CameraCaptureSession;Landroid/hardware/camera2/TotalCaptureResult;)V
PASS	Lcom/hiro/ulike/ManualLens170;->put(Ljava/lang/String;Ljava/lang/Object;)V
PASS	Lcom/hiro/ulike/ManualLens170;->ready()Z
PASS	Lcom/hiro/ulike/ManualLens170;->reportFailure(Lcom/hiro/ulike/OpticalZoom$Route;Ljava/lang/String;)V
PASS	Lcom/hiro/ulike/ManualLens170;->route(Landroid/hardware/camera2/CameraDevice;)Lcom/hiro/ulike/OpticalZoom$Route;
PASS	Lcom/hiro/ulike/ManualLens170;->select(I)V
PASS	Lcom/hiro/ulike/ManualLens170;->state()Ljava/lang/String;
PASS	Lcom/hiro/ulike/ManualLens170;->status(Ljava/lang/String;)V
PASS	Lcom/hiro/ulike/ManualLens170;->yes(Ljava/lang/String;)Z
PASS	Lcom/hiro/ulike/NativeChroma186;-><init>()V
PASS	Lcom/hiro/ulike/NativeChroma186;->ready()Z
PASS	Lcom/hiro/ulike/NativeChroma186;->tryFinish([I[I[IIIIII[I[I)Z
PASS	Lcom/hiro/ulike/NativeChroma186;->verify()Z
PASS	Lcom/hiro/ulike/NativeSpeed1935;-><clinit>()V
PASS	Lcom/hiro/ulike/NativeSpeed1935;-><init>()V
PASS	Lcom/hiro/ulike/NativeSpeed1935;->available()Z
PASS	Lcom/hiro/ulike/NativeSpeed1935;->horizontal([I[I[I[F[FI)Z
PASS	Lcom/hiro/ulike/NativeSpeed1935;->load()Z
PASS	Lcom/hiro/ulike/NativeSpeed1935;->pack(Ljava/nio/ByteBuffer;IIIILjava/nio/ByteBuffer;IIIILjava/nio/ByteBuffer;IIIIII[B)Z
PASS	Lcom/hiro/ulike/NativeSpeed1935;->verticalAdd([F[F[F[FFI)Z
PASS	Lcom/hiro/ulike/OpticalZoom$1;-><init>(JLjava/lang/String;)V
PASS	Lcom/hiro/ulike/OpticalZoom$1;->run()V
PASS	Lcom/hiro/ulike/OpticalZoom$2;-><init>(J)V
PASS	Lcom/hiro/ulike/OpticalZoom$2;->run()V
PASS	Lcom/hiro/ulike/OpticalZoom$3;-><init>(J)V
PASS	Lcom/hiro/ulike/OpticalZoom$3;->run()V
PASS	Lcom/hiro/ulike/OpticalZoom$4;-><init>(J)V
PASS	Lcom/hiro/ulike/OpticalZoom$4;->run()V
PASS	Lcom/hiro/ulike/OpticalZoom$5;-><init>(J)V
PASS	Lcom/hiro/ulike/OpticalZoom$5;->run()V
PASS	Lcom/hiro/ulike/OpticalZoom$6;-><init>(J)V
PASS	Lcom/hiro/ulike/OpticalZoom$6;->run()V
PASS	Lcom/hiro/ulike/OpticalZoom$7;-><init>(Lcom/hiro/ulike/OpticalZoom$Route;Ljava/lang/String;)V
PASS	Lcom/hiro/ulike/OpticalZoom$7;->run()V
PASS	Lcom/hiro/ulike/OpticalZoom$8;-><init>()V
PASS	Lcom/hiro/ulike/OpticalZoom$8;->onPreferenceChange(Landroid/preference/Preference;Ljava/lang/Object;)Z
PASS	Lcom/hiro/ulike/OpticalZoom$9;-><init>(Landroid/preference/PreferenceActivity;)V
PASS	Lcom/hiro/ulike/OpticalZoom$9;->onPreferenceClick(Landroid/preference/Preference;)Z
PASS	Lcom/hiro/ulike/OpticalZoom$Inventory;-><init>(Ljava/lang/String;Landroid/hardware/camera2/CameraCharacteristics;Lcom/hiro/ulike/OpticalZoom$Lens;Lcom/hiro/ulike/OpticalZoom$Lens;Ljava/lang/String;D)V
PASS	Lcom/hiro/ulike/OpticalZoom$Inventory;->lens(I)Lcom/hiro/ulike/OpticalZoom$Lens;
PASS	Lcom/hiro/ulike/OpticalZoom$Lens;-><init>(Ljava/lang/String;Landroid/hardware/camera2/CameraCharacteristics;DZZ)V
PASS	Lcom/hiro/ulike/OpticalZoom$Observe;-><init>(Lcom/hiro/ulike/OpticalZoom$Route;Landroid/hardware/camera2/CameraCaptureSession$CaptureCallback;Z)V
PASS	Lcom/hiro/ulike/OpticalZoom$Observe;->completedCore167(Landroid/hardware/camera2/CameraCaptureSession;Landroid/hardware/camera2/CaptureRequest;Landroid/hardware/camera2/TotalCaptureResult;)V
PASS	Lcom/hiro/ulike/OpticalZoom$Observe;->done()V
PASS	Lcom/hiro/ulike/OpticalZoom$Observe;->onCaptureBufferLost(Landroid/hardware/camera2/CameraCaptureSession;Landroid/hardware/camera2/CaptureRequest;Landroid/view/Surface;J)V
PASS	Lcom/hiro/ulike/OpticalZoom$Observe;->onCaptureCompleted(Landroid/hardware/camera2/CameraCaptureSession;Landroid/hardware/camera2/CaptureRequest;Landroid/hardware/camera2/TotalCaptureResult;)V
PASS	Lcom/hiro/ulike/OpticalZoom$Observe;->onCaptureFailed(Landroid/hardware/camera2/CameraCaptureSession;Landroid/hardware/camera2/CaptureRequest;Landroid/hardware/camera2/CaptureFailure;)V
PASS	Lcom/hiro/ulike/OpticalZoom$Observe;->onCaptureProgressed(Landroid/hardware/camera2/CameraCaptureSession;Landroid/hardware/camera2/CaptureRequest;Landroid/hardware/camera2/CaptureResult;)V
PASS	Lcom/hiro/ulike/OpticalZoom$Observe;->onCaptureSequenceAborted(Landroid/hardware/camera2/CameraCaptureSession;I)V
PASS	Lcom/hiro/ulike/OpticalZoom$Observe;->onCaptureSequenceCompleted(Landroid/hardware/camera2/CameraCaptureSession;IJ)V
PASS	Lcom/hiro/ulike/OpticalZoom$Observe;->onCaptureStarted(Landroid/hardware/camera2/CameraCaptureSession;Landroid/hardware/camera2/CaptureRequest;JJ)V
PASS	Lcom/hiro/ulike/OpticalZoom$Route;-><init>(Ljava/lang/String;Ljava/lang/String;IJLandroid/hardware/camera2/CameraCharacteristics;Landroid/hardware/camera2/CameraCharacteristics;Ljava/lang/Object;Z)V
PASS	Lcom/hiro/ulike/OpticalZoom$Route;->key()Ljava/lang/String;
PASS	Lcom/hiro/ulike/OpticalZoom$Route;->physical()Z
PASS	Lcom/hiro/ulike/OpticalZoom$State;-><init>(Lcom/hiro/ulike/OpticalZoom$Route;Landroid/hardware/camera2/CameraCaptureSession$StateCallback;)V
PASS	Lcom/hiro/ulike/OpticalZoom$State;->onActive(Landroid/hardware/camera2/CameraCaptureSession;)V
PASS	Lcom/hiro/ulike/OpticalZoom$State;->onCaptureQueueEmpty(Landroid/hardware/camera2/CameraCaptureSession;)V
PASS	Lcom/hiro/ulike/OpticalZoom$State;->onClosed(Landroid/hardware/camera2/CameraCaptureSession;)V
PASS	Lcom/hiro/ulike/OpticalZoom$State;->onConfigureFailed(Landroid/hardware/camera2/CameraCaptureSession;)V
PASS	Lcom/hiro/ulike/OpticalZoom$State;->onConfigured(Landroid/hardware/camera2/CameraCaptureSession;)V
PASS	Lcom/hiro/ulike/OpticalZoom$State;->onReady(Landroid/hardware/camera2/CameraCaptureSession;)V
PASS	Lcom/hiro/ulike/OpticalZoom$State;->onSurfacePrepared(Landroid/hardware/camera2/CameraCaptureSession;Landroid/view/Surface;)V
PASS	Lcom/hiro/ulike/OpticalZoom;-><clinit>()V
PASS	Lcom/hiro/ulike/OpticalZoom;-><init>()V
PASS	Lcom/hiro/ulike/OpticalZoom;->access$000(JLjava/lang/String;)V
PASS	Lcom/hiro/ulike/OpticalZoom;->access$100(Lcom/hiro/ulike/OpticalZoom$Route;Ljava/lang/String;)V
PASS	Lcom/hiro/ulike/OpticalZoom;->access$1002(J)J
PASS	Lcom/hiro/ulike/OpticalZoom;->access$1100()I
PASS	Lcom/hiro/ulike/OpticalZoom;->access$1102(I)I
PASS	Lcom/hiro/ulike/OpticalZoom;->access$1200()Ljava/lang/String;
PASS	Lcom/hiro/ulike/OpticalZoom;->access$1202(Ljava/lang/String;)Ljava/lang/String;
PASS	Lcom/hiro/ulike/OpticalZoom;->access$1302(Lcom/hiro/ulike/OpticalZoom$Route;)Lcom/hiro/ulike/OpticalZoom$Route;
PASS	Lcom/hiro/ulike/OpticalZoom;->access$1402(I)I
PASS	Lcom/hiro/ulike/OpticalZoom;->access$1502(I)I
PASS	Lcom/hiro/ulike/OpticalZoom;->access$1602(Z)Z
PASS	Lcom/hiro/ulike/OpticalZoom;->access$1702(Z)Z
PASS	Lcom/hiro/ulike/OpticalZoom;->access$1800()Landroid/content/Context;
PASS	Lcom/hiro/ulike/OpticalZoom;->access$1902(Z)Z
PASS	Lcom/hiro/ulike/OpticalZoom;->access$200()Ljava/util/concurrent/atomic/AtomicInteger;
PASS	Lcom/hiro/ulike/OpticalZoom;->access$2000()Ljava/lang/String;
PASS	Lcom/hiro/ulike/OpticalZoom;->access$300(Lcom/hiro/ulike/OpticalZoom$Route;Landroid/hardware/camera2/CameraCaptureSession;Landroid/hardware/camera2/TotalCaptureResult;)V
PASS	Lcom/hiro/ulike/OpticalZoom;->access$400(J)V
PASS	Lcom/hiro/ulike/OpticalZoom;->access$500(J)V
PASS	Lcom/hiro/ulike/OpticalZoom;->access$600()J
PASS	Lcom/hiro/ulike/OpticalZoom;->access$700()Z
PASS	Lcom/hiro/ulike/OpticalZoom;->access$702(Z)Z
PASS	Lcom/hiro/ulike/OpticalZoom;->access$800()Z
PASS	Lcom/hiro/ulike/OpticalZoom;->access$900()Lcom/hiro/ulike/OpticalZoom$Route;
PASS	Lcom/hiro/ulike/OpticalZoom;->available(I)Z
PASS	Lcom/hiro/ulike/OpticalZoom;->background(Ljava/lang/Object;)V
PASS	Lcom/hiro/ulike/OpticalZoom;->build(Landroid/hardware/camera2/CaptureRequest$Builder;)Landroid/hardware/camera2/CaptureRequest;
PASS	Lcom/hiro/ulike/OpticalZoom;->burst(Landroid/hardware/camera2/CameraCaptureSession;Ljava/util/List;Landroid/hardware/camera2/CameraCaptureSession$CaptureCallback;Landroid/os/Handler;)I
PASS	Lcom/hiro/ulike/OpticalZoom;->busy()Z
PASS	Lcom/hiro/ulike/OpticalZoom;->calibrateBaseline(Lcom/hiro/ulike/OpticalZoom$Route;Landroid/hardware/camera2/TotalCaptureResult;)V
PASS	Lcom/hiro/ulike/OpticalZoom;->cameraError(Ljava/lang/Object;ILjava/lang/String;)V
PASS	Lcom/hiro/ulike/OpticalZoom;->capture(Landroid/hardware/camera2/CameraCaptureSession;Landroid/hardware/camera2/CaptureRequest;Landroid/hardware/camera2/CameraCaptureSession$CaptureCallback;Landroid/os/Handler;)I
PASS	Lcom/hiro/ulike/OpticalZoom;->choose(Ljava/lang/Object;Ljava/lang/String;)Ljava/lang/String;
PASS	Lcom/hiro/ulike/OpticalZoom;->closing(Ljava/lang/Object;)V
PASS	Lcom/hiro/ulike/OpticalZoom;->common([Landroid/util/Size;[Landroid/util/Size;Lcom/hiro/ulike/OpticalZoom$Route;)[Landroid/util/Size;
PASS	Lcom/hiro/ulike/OpticalZoom;->createRequest(Landroid/hardware/camera2/CameraDevice;I)Landroid/hardware/camera2/CaptureRequest$Builder;
PASS	Lcom/hiro/ulike/OpticalZoom;->createSession(Landroid/hardware/camera2/CameraDevice;Landroid/hardware/camera2/params/SessionConfiguration;)V
PASS	Lcom/hiro/ulike/OpticalZoom;->drain(J)V
PASS	Lcom/hiro/ulike/OpticalZoom;->fail(Lcom/hiro/ulike/OpticalZoom$Route;Ljava/lang/String;)V
PASS	Lcom/hiro/ulike/OpticalZoom;->failCore168(Lcom/hiro/ulike/OpticalZoom$Route;Ljava/lang/String;)V
PASS	Lcom/hiro/ulike/OpticalZoom;->field(Ljava/lang/Object;Ljava/lang/String;)Ljava/lang/Object;
PASS	Lcom/hiro/ulike/OpticalZoom;->foreground(Ljava/lang/Object;)V
PASS	Lcom/hiro/ulike/OpticalZoom;->foregroundCore172(Ljava/lang/Object;)V
PASS	Lcom/hiro/ulike/OpticalZoom;->handleFailure(JLjava/lang/String;)V
PASS	Lcom/hiro/ulike/OpticalZoom;->handleFailureCore168(JLjava/lang/String;)V
PASS	Lcom/hiro/ulike/OpticalZoom;->highResolutionSizes(Landroid/hardware/camera2/params/StreamConfigurationMap;I)[Landroid/util/Size;
PASS	Lcom/hiro/ulike/OpticalZoom;->host(Landroid/view/View;)V
PASS	Lcom/hiro/ulike/OpticalZoom;->hostReady()Z
PASS	Lcom/hiro/ulike/OpticalZoom;->init(Landroid/content/Context;)V
PASS	Lcom/hiro/ulike/OpticalZoom;->install(Landroid/preference/PreferenceActivity;)V
PASS	Lcom/hiro/ulike/OpticalZoom;->invoke(Ljava/lang/Object;Ljava/lang/String;[Ljava/lang/Class;[Ljava/lang/Object;)Ljava/lang/Object;
PASS	Lcom/hiro/ulike/OpticalZoom;->message(Ljava/lang/String;)V
PASS	Lcom/hiro/ulike/OpticalZoom;->messageCore168(Ljava/lang/String;)V
PASS	Lcom/hiro/ulike/OpticalZoom;->nativeReady(Ljava/lang/Object;)Z
PASS	Lcom/hiro/ulike/OpticalZoom;->observe(Lcom/hiro/ulike/OpticalZoom$Route;Landroid/hardware/camera2/CameraCaptureSession;Landroid/hardware/camera2/TotalCaptureResult;)V
PASS	Lcom/hiro/ulike/OpticalZoom;->observeCore166(Lcom/hiro/ulike/OpticalZoom$Route;Landroid/hardware/camera2/CameraCaptureSession;Landroid/hardware/camera2/TotalCaptureResult;)V
PASS	Lcom/hiro/ulike/OpticalZoom;->opened(Ljava/lang/Object;Ljava/lang/Object;)V
PASS	Lcom/hiro/ulike/OpticalZoom;->outputSizes(Landroid/hardware/camera2/params/StreamConfigurationMap;I)[Landroid/util/Size;
PASS	Lcom/hiro/ulike/OpticalZoom;->outputSizes(Landroid/hardware/camera2/params/StreamConfigurationMap;Ljava/lang/Class;)[Landroid/util/Size;
PASS	Lcom/hiro/ulike/OpticalZoom;->pending()I
PASS	Lcom/hiro/ulike/OpticalZoom;->photoBegin()V
PASS	Lcom/hiro/ulike/OpticalZoom;->physicalIds(Landroid/hardware/camera2/CameraCharacteristics;)Ljava/util/Set;
PASS	Lcom/hiro/ulike/OpticalZoom;->physicalRegions(Landroid/hardware/camera2/CaptureRequest$Builder;Lcom/hiro/ulike/OpticalZoom$Route;Ljava/util/List;Landroid/hardware/camera2/CaptureRequest$Key;)V
PASS	Lcom/hiro/ulike/OpticalZoom;->power(Landroid/hardware/camera2/CameraCharacteristics;)D
PASS	Lcom/hiro/ulike/OpticalZoom;->prepared(Ljava/lang/Object;I)V
PASS	Lcom/hiro/ulike/OpticalZoom;->rear(Landroid/hardware/camera2/CameraCharacteristics;)Z
PASS	Lcom/hiro/ulike/OpticalZoom;->recordBegin()V
PASS	Lcom/hiro/ulike/OpticalZoom;->recordEnd()V
PASS	Lcom/hiro/ulike/OpticalZoom;->recordStartResult(I)V
PASS	Lcom/hiro/ulike/OpticalZoom;->release163(Lcom/hiro/ulike/LensRelease163$Ticket;)Z
PASS	Lcom/hiro/ulike/OpticalZoom;->repeating(Landroid/hardware/camera2/CameraCaptureSession;Landroid/hardware/camera2/CaptureRequest;Landroid/hardware/camera2/CameraCaptureSession$CaptureCallback;Landroid/os/Handler;)I
PASS	Lcom/hiro/ulike/OpticalZoom;->restart(J)V
PASS	Lcom/hiro/ulike/OpticalZoom;->resume162(Lcom/hiro/ulike/OpticalZoom$Route;JJ)V
PASS	Lcom/hiro/ulike/OpticalZoom;->route(Landroid/hardware/camera2/CameraDevice;)Lcom/hiro/ulike/OpticalZoom$Route;
PASS	Lcom/hiro/ulike/OpticalZoom;->route(Landroid/hardware/camera2/params/StreamConfigurationMap;)Lcom/hiro/ulike/OpticalZoom$Route;
PASS	Lcom/hiro/ulike/OpticalZoom;->scan(Landroid/hardware/camera2/CameraManager;Ljava/lang/String;Landroid/hardware/camera2/CameraCharacteristics;D)Lcom/hiro/ulike/OpticalZoom$Inventory;
PASS	Lcom/hiro/ulike/OpticalZoom;->scanCore168(Landroid/hardware/camera2/CameraManager;Ljava/lang/String;Landroid/hardware/camera2/CameraCharacteristics;D)Lcom/hiro/ulike/OpticalZoom$Inventory;
PASS	Lcom/hiro/ulike/OpticalZoom;->scheduleTimeout(J)V
PASS	Lcom/hiro/ulike/OpticalZoom;->select(I)V
PASS	Lcom/hiro/ulike/OpticalZoom;->selectCore167(I)V
PASS	Lcom/hiro/ulike/OpticalZoom;->selected()I
PASS	Lcom/hiro/ulike/OpticalZoom;->show()Z
PASS	Lcom/hiro/ulike/OpticalZoom;->startAttempt(IJ)V
PASS	Lcom/hiro/ulike/OpticalZoom;->state()Ljava/lang/String;
PASS	Lcom/hiro/ulike/OpticalZoom;->stateCore168()Ljava/lang/String;
PASS	Lcom/hiro/ulike/OpticalZoom;->ticket163(Ljava/lang/Object;I)Lcom/hiro/ulike/LensRelease163$Ticket;
PASS	Lcom/hiro/ulike/OpticalZoom;->track(Ljava/lang/Object;Landroid/content/Context;)V
PASS	Lcom/hiro/ulike/OpticalZoom;->trackCore172(Ljava/lang/Object;Landroid/content/Context;)V
PASS	Lcom/hiro/ulike/OpticalZoom;->wake162(Lcom/hiro/ulike/OpticalZoom$Route;)V
PASS	Lcom/hiro/ulike/OpticalZoomUi$1;-><init>(Landroid/view/View;Lcom/hiro/ulike/OpticalZoomUi$Bar;)V
PASS	Lcom/hiro/ulike/OpticalZoomUi$1;->run()V
PASS	Lcom/hiro/ulike/OpticalZoomUi$2;-><init>(Lcom/hiro/ulike/OpticalZoomUi$Bar;)V
PASS	Lcom/hiro/ulike/OpticalZoomUi$2;->run()V
PASS	Lcom/hiro/ulike/OpticalZoomUi$Bar$1;-><init>(Lcom/hiro/ulike/OpticalZoomUi$Bar;I)V
PASS	Lcom/hiro/ulike/OpticalZoomUi$Bar$1;->onClick(Landroid/view/View;)V
PASS	Lcom/hiro/ulike/OpticalZoomUi$Bar$2;-><init>(Lcom/hiro/ulike/OpticalZoomUi$Bar;)V
PASS	Lcom/hiro/ulike/OpticalZoomUi$Bar$2;->onTouch(Landroid/view/View;Landroid/view/MotionEvent;)Z
PASS	Lcom/hiro/ulike/OpticalZoomUi$Bar;-><init>(Landroid/view/View;)V
PASS	Lcom/hiro/ulike/OpticalZoomUi$Bar;->collides(Landroid/view/View;Landroid/graphics/Rect;I[I)Z
PASS	Lcom/hiro/ulike/OpticalZoomUi$Bar;->dp(F)I
PASS	Lcom/hiro/ulike/OpticalZoomUi$Bar;->hide()V
PASS	Lcom/hiro/ulike/OpticalZoomUi$Bar;->install()V
PASS	Lcom/hiro/ulike/OpticalZoomUi$Bar;->installCore168()V
PASS	Lcom/hiro/ulike/OpticalZoomUi$Bar;->onPreDraw()Z
PASS	Lcom/hiro/ulike/OpticalZoomUi$Bar;->remove()V
PASS	Lcom/hiro/ulike/OpticalZoomUi$Bar;->update()V
PASS	Lcom/hiro/ulike/OpticalZoomUi$Bar;->updateCore168()V
PASS	Lcom/hiro/ulike/OpticalZoomUi;-><clinit>()V
PASS	Lcom/hiro/ulike/OpticalZoomUi;-><init>()V
PASS	Lcom/hiro/ulike/OpticalZoomUi;->access$000()Ljava/util/Map;
PASS	Lcom/hiro/ulike/OpticalZoomUi;->access$100(ZZ)Landroid/graphics/drawable/GradientDrawable;
PASS	Lcom/hiro/ulike/OpticalZoomUi;->attach(Landroid/view/View;)V
PASS	Lcom/hiro/ulike/OpticalZoomUi;->circle(ZZ)Landroid/graphics/drawable/GradientDrawable;
PASS	Lcom/hiro/ulike/OpticalZoomUi;->detach(Landroid/view/View;)V
PASS	Lcom/hiro/ulike/PhotoDetail$1;-><init>(Landroid/preference/PreferenceActivity;)V
PASS	Lcom/hiro/ulike/PhotoDetail$1;->onPreferenceClick(Landroid/preference/Preference;)Z
PASS	Lcom/hiro/ulike/PhotoDetail$2;-><init>(Ljava/lang/String;Landroid/preference/ListPreference;Landroid/preference/PreferenceActivity;)V
PASS	Lcom/hiro/ulike/PhotoDetail$2;->onPreferenceChange(Landroid/preference/Preference;Ljava/lang/Object;)Z
PASS	Lcom/hiro/ulike/PhotoDetail$3;-><init>(Ljava/lang/String;Landroid/preference/PreferenceActivity;)V
PASS	Lcom/hiro/ulike/PhotoDetail$3;->onPreferenceChange(Landroid/preference/Preference;Ljava/lang/Object;)Z
PASS	Lcom/hiro/ulike/PhotoDetail$4;-><init>(Ljava/lang/String;Landroid/preference/PreferenceActivity;)V
PASS	Lcom/hiro/ulike/PhotoDetail$4;->onPreferenceChange(Landroid/preference/Preference;Ljava/lang/Object;)Z
PASS	Lcom/hiro/ulike/PhotoDetail$Settings;-><init>(ZIZI)V
PASS	Lcom/hiro/ulike/PhotoDetail$Settings;-><init>(ZIZIZZZ)V
PASS	Lcom/hiro/ulike/PhotoDetail;-><clinit>()V
PASS	Lcom/hiro/ulike/PhotoDetail;-><init>()V
PASS	Lcom/hiro/ulike/PhotoDetail;->access$000(Ljava/lang/Object;)I
PASS	Lcom/hiro/ulike/PhotoDetail;->access$100()Ljava/lang/String;
PASS	Lcom/hiro/ulike/PhotoDetail;->access$200(Ljava/lang/String;Ljava/lang/Object;)Z
PASS	Lcom/hiro/ulike/PhotoDetail;->access$300(I)Ljava/lang/String;
PASS	Lcom/hiro/ulike/PhotoDetail;->addControl(Landroid/preference/PreferenceActivity;Landroid/preference/PreferenceCategory;Ljava/lang/String;Ljava/lang/String;Ljava/lang/String;ZILjava/lang/String;)V
PASS	Lcom/hiro/ulike/PhotoDetail;->addProtection(Landroid/preference/PreferenceActivity;Landroid/preference/PreferenceCategory;Ljava/lang/String;Ljava/lang/String;ZLjava/lang/String;)V
PASS	Lcom/hiro/ulike/PhotoDetail;->applyDetail(Landroid/graphics/Bitmap;Landroid/graphics/Bitmap;)Landroid/graphics/Bitmap;
PASS	Lcom/hiro/ulike/PhotoDetail;->applyDetailLegacy177(Landroid/graphics/Bitmap;Landroid/graphics/Bitmap;)Landroid/graphics/Bitmap;
PASS	Lcom/hiro/ulike/PhotoDetail;->flag(Landroid/content/SharedPreferences;Ljava/lang/String;)Z
PASS	Lcom/hiro/ulike/PhotoDetail;->init(Landroid/content/Context;)V
PASS	Lcom/hiro/ulike/PhotoDetail;->initLegacy177(Landroid/content/Context;)V
PASS	Lcom/hiro/ulike/PhotoDetail;->install(Landroid/preference/PreferenceActivity;)V
PASS	Lcom/hiro/ulike/PhotoDetail;->installLegacy177(Landroid/preference/PreferenceActivity;)V
PASS	Lcom/hiro/ulike/PhotoDetail;->level(Ljava/lang/Object;)I
PASS	Lcom/hiro/ulike/PhotoDetail;->name(I)Ljava/lang/String;
PASS	Lcom/hiro/ulike/PhotoDetail;->protection(Landroid/content/SharedPreferences;Ljava/lang/String;)Z
PASS	Lcom/hiro/ulike/PhotoDetail;->recycle(Landroid/graphics/Bitmap;)V
PASS	Lcom/hiro/ulike/PhotoDetail;->save(Ljava/lang/String;Ljava/lang/Object;)Z
PASS	Lcom/hiro/ulike/PhotoDetail;->snapshot(Landroid/content/SharedPreferences;Lcom/hiro/ulike/PhotoDetail$Settings;)Landroid/content/SharedPreferences$Editor;
PASS	Lcom/hiro/ulike/PhotoDetail;->snapshot1932()Lcom/hiro/ulike/PhotoDetail$Settings;
PASS	Lcom/hiro/ulike/PhotoDetail;->status(Ljava/lang/String;)V
PASS	Lcom/hiro/ulike/PhotoDetail;->storedLevel(Landroid/content/SharedPreferences;Ljava/lang/String;)I
PASS	Lcom/hiro/ulike/PrepTicket186;-><init>(Lcom/hiro/ulike/PrepTicket186$Disposer;Ljava/lang/Runnable;)V
PASS	Lcom/hiro/ulike/PrepTicket186;->abandon()V
PASS	Lcom/hiro/ulike/PrepTicket186;->claim()Ljava/lang/Object;
PASS	Lcom/hiro/ulike/PrepTicket186;->disposeAndRelease(Ljava/lang/Object;)V
PASS	Lcom/hiro/ulike/PrepTicket186;->fail(Ljava/lang/Throwable;)V
PASS	Lcom/hiro/ulike/PrepTicket186;->offer(Ljava/lang/Object;)V
PASS	Lcom/hiro/ulike/PrepTicket186;->recordFailureLocked(Ljava/lang/Throwable;)V
PASS	Lcom/hiro/ulike/PrepTicket186;->releaseClaim()V
PASS	Lcom/hiro/ulike/PrepTicket186;->releaseOnce()V
PASS	Lcom/hiro/ulike/PrepTicket186;->start()Z
PASS	Lcom/hiro/ulike/Preview177;-><clinit>()V
PASS	Lcom/hiro/ulike/Preview177;-><init>()V
PASS	Lcom/hiro/ulike/Preview177;->attached(Landroid/view/View;)V
PASS	Lcom/hiro/ulike/Preview177;->checked(Lcom/hiro/ulike/OpticalZoom$Route;[Landroid/util/Size;[Landroid/util/Size;Ljava/lang/String;)[Landroid/util/Size;
PASS	Lcom/hiro/ulike/Preview177;->intersect([Landroid/util/Size;[Landroid/util/Size;)[Landroid/util/Size;
PASS	Lcom/hiro/ulike/Preview177;->mapped(Landroid/hardware/camera2/params/StreamConfigurationMap;)Lcom/hiro/ulike/OpticalZoom$Route;
PASS	Lcom/hiro/ulike/Preview177;->notice(Lcom/hiro/ulike/OpticalZoom$Route;Ljava/lang/String;)V
PASS	Lcom/hiro/ulike/Preview177;->outputSizes(Landroid/hardware/camera2/params/StreamConfigurationMap;I)[Landroid/util/Size;
PASS	Lcom/hiro/ulike/Preview177;->outputSizes(Landroid/hardware/camera2/params/StreamConfigurationMap;Ljava/lang/Class;)[Landroid/util/Size;
PASS	Lcom/hiro/ulike/Preview177;->physical(Lcom/hiro/ulike/OpticalZoom$Route;)Landroid/hardware/camera2/params/StreamConfigurationMap;
PASS	Lcom/hiro/ulike/PreviewHealth183;-><init>()V
PASS	Lcom/hiro/ulike/PreviewHealth183;->ownedClose(Lcom/hiro/ulike/OpticalZoom$Route;Landroid/hardware/camera2/CameraCaptureSession;)Z
PASS	Lcom/hiro/ulike/PreviewInputs1929$Delivery;-><init>(Ljava/lang/Object;Lcom/hiro/ulike/OpticalZoom$Route;J)V
PASS	Lcom/hiro/ulike/PreviewInputs1929;-><init>()V
PASS	Lcom/hiro/ulike/PreviewInputs1929;->before(Ljava/lang/Object;)Z
PASS	Lcom/hiro/ulike/PreviewInputs1929;->deliveredTime()J
PASS	Lcom/hiro/ulike/PreviewInputs1929;->deliveredTimeChecked()J
PASS	Lcom/hiro/ulike/PreviewInputs1929;->foreground(Ljava/lang/Object;)V
PASS	Lcom/hiro/ulike/PreviewInputs1929;->pixel(Ljava/lang/Object;Ljava/lang/Object;)V
PASS	Lcom/hiro/ulike/PreviewInputs1929;->ready(Lcom/ss/android/vesdk/VECameraCapture;Z)Z
PASS	Lcom/hiro/ulike/PreviewInputs1929;->rear(Lcom/ss/android/vesdk/VECameraCapture;)Z
PASS	Lcom/hiro/ulike/PreviewInputs1929;->sourcesReady(Lcom/ss/android/vesdk/VECameraCapture;)Z
PASS	Lcom/hiro/ulike/PreviewLayout1922$1;-><init>(Ljava/lang/ref/WeakReference;Ljava/lang/ref/WeakReference;J)V
PASS	Lcom/hiro/ulike/PreviewLayout1922$1;->run()V
PASS	Lcom/hiro/ulike/PreviewLayout1922$Pending$1;-><init>(Lcom/hiro/ulike/PreviewLayout1922$Pending;)V
PASS	Lcom/hiro/ulike/PreviewLayout1922$Pending$1;->run()V
PASS	Lcom/hiro/ulike/PreviewLayout1922$Pending$2;-><init>(Lcom/hiro/ulike/PreviewLayout1922$Pending;)V
PASS	Lcom/hiro/ulike/PreviewLayout1922$Pending$2;->run()V
PASS	Lcom/hiro/ulike/PreviewLayout1922$Pending$3;-><init>(Lcom/hiro/ulike/PreviewLayout1922$Pending;)V
PASS	Lcom/hiro/ulike/PreviewLayout1922$Pending$3;->run()V
PASS	Lcom/hiro/ulike/PreviewLayout1922$Pending;-><init>(Lcom/bytedance/corecamera/ui/view/CameraShadeView;Landroid/animation/ValueAnimator;)V
PASS	Lcom/hiro/ulike/PreviewLayout1922;-><clinit>()V
PASS	Lcom/hiro/ulike/PreviewLayout1922;-><init>()V
PASS	Lcom/hiro/ulike/PreviewLayout1922;->access$000()Ljava/util/WeakHashMap;
PASS	Lcom/hiro/ulike/PreviewLayout1922;->access$100(Lcom/hiro/ulike/PreviewLayout1922$Pending;)V
PASS	Lcom/hiro/ulike/PreviewLayout1922;->access$200(Lcom/hiro/ulike/PreviewLayout1922$Pending;)V
PASS	Lcom/hiro/ulike/PreviewLayout1922;->advanceGeneration(Lcom/bytedance/corecamera/ui/view/CameraShadeView;)V
PASS	Lcom/hiro/ulike/PreviewLayout1922;->advanceOwnership(Lcom/bytedance/corecamera/ui/view/CameraShadeView;)V
PASS	Lcom/hiro/ulike/PreviewLayout1922;->afterLayout(Lcom/bytedance/corecamera/ui/view/CameraShadeView;)V
PASS	Lcom/hiro/ulike/PreviewLayout1922;->attached(Lcom/bytedance/corecamera/ui/view/CameraShadeView;)V
PASS	Lcom/hiro/ulike/PreviewLayout1922;->cancel(Lcom/bytedance/corecamera/ui/view/CameraShadeView;)V
PASS	Lcom/hiro/ulike/PreviewLayout1922;->current(Lcom/bytedance/corecamera/ui/view/CameraShadeView;)Z
PASS	Lcom/hiro/ulike/PreviewLayout1922;->current(Lcom/bytedance/corecamera/ui/view/CameraShadeView;J)Z
PASS	Lcom/hiro/ulike/PreviewLayout1922;->detached(Lcom/bytedance/corecamera/ui/view/CameraShadeView;)V
PASS	Lcom/hiro/ulike/PreviewLayout1922;->finish(Lcom/bytedance/corecamera/ui/view/CameraShadeView;Landroid/animation/Animator;)Z
PASS	Lcom/hiro/ulike/PreviewLayout1922;->fire(Lcom/hiro/ulike/PreviewLayout1922$Pending;)V
PASS	Lcom/hiro/ulike/PreviewLayout1922;->generation(Lcom/bytedance/corecamera/ui/view/CameraShadeView;)J
PASS	Lcom/hiro/ulike/PreviewLayout1922;->gestureView1925()Lcom/bytedance/corecamera/ui/view/CameraShadeView;
PASS	Lcom/hiro/ulike/PreviewLayout1922;->listenerAdded(Ljava/lang/Object;)V
PASS	Lcom/hiro/ulike/PreviewLayout1922;->localHeight(Lcom/bytedance/corecamera/ui/view/CameraShadeView;)I
PASS	Lcom/hiro/ulike/PreviewLayout1922;->localWidth(Lcom/bytedance/corecamera/ui/view/CameraShadeView;)I
PASS	Lcom/hiro/ulike/PreviewLayout1922;->notifySettled(Lcom/bytedance/corecamera/ui/view/CameraShadeView;)V
PASS	Lcom/hiro/ulike/PreviewLayout1922;->offsetChanged(Lcom/bytedance/corecamera/ui/view/CameraShadeView;)V
PASS	Lcom/hiro/ulike/PreviewLayout1922;->owned(Lcom/bytedance/corecamera/ui/view/CameraShadeView;J)Z
PASS	Lcom/hiro/ulike/PreviewLayout1922;->ownershipGeneration(Lcom/bytedance/corecamera/ui/view/CameraShadeView;)J
PASS	Lcom/hiro/ulike/PreviewLayout1922;->owns(Lcom/bytedance/corecamera/ui/view/CameraShadeView;Landroid/animation/ValueAnimator;)Z
PASS	Lcom/hiro/ulike/PreviewLayout1922;->prepare(Lcom/bytedance/corecamera/ui/view/CameraShadeView;)V
PASS	Lcom/hiro/ulike/PreviewLayout1922;->publish(Lcom/bytedance/corecamera/ui/view/CameraShadeView;)V
PASS	Lcom/hiro/ulike/PreviewLayout1922;->ready(Lcom/bytedance/corecamera/ui/view/CameraShadeView;)V
PASS	Lcom/hiro/ulike/PreviewLayout1922;->reconcile(Lcom/bytedance/corecamera/ui/view/CameraShadeView;)V
PASS	Lcom/hiro/ulike/PreviewLayout1922;->reconcile(Lcom/bytedance/corecamera/ui/view/CameraShadeView;Z)V
PASS	Lcom/hiro/ulike/PreviewLayout1922;->removePending(Lcom/bytedance/corecamera/ui/view/CameraShadeView;)V
PASS	Lcom/hiro/ulike/PreviewLayout1922;->schedule(Lcom/bytedance/corecamera/ui/view/CameraShadeView;)V
PASS	Lcom/hiro/ulike/PreviewLayout1922;->settleExpired(Lcom/hiro/ulike/PreviewLayout1922$Pending;)V
PASS	Lcom/hiro/ulike/PreviewLayout1922;->startCurrent(Lcom/bytedance/corecamera/ui/view/CameraShadeView;)V
PASS	Lcom/hiro/ulike/PreviewLayout1922;->targetRepair(Lcom/bytedance/corecamera/ui/view/CameraShadeView;)Z
PASS	Lcom/hiro/ulike/PreviewLayout1922;->viewport()Landroid/graphics/RectF;
PASS	Lcom/hiro/ulike/PreviewStart1927$Pending;-><init>(Lcom/ss/android/vesdk/VECameraCapture;Lcom/hiro/ulike/OpticalZoom$Route;JJ)V
PASS	Lcom/hiro/ulike/PreviewStart1927$Pending;->run()V
PASS	Lcom/hiro/ulike/PreviewStart1927;-><clinit>()V
PASS	Lcom/hiro/ulike/PreviewStart1927;-><init>()V
PASS	Lcom/hiro/ulike/PreviewStart1927;->access$000()Ljava/util/Map;
PASS	Lcom/hiro/ulike/PreviewStart1927;->access$100(Lcom/ss/android/vesdk/VECameraCapture;)Z
PASS	Lcom/hiro/ulike/PreviewStart1927;->access$200(Lcom/ss/android/vesdk/VECameraCapture;Lcom/hiro/ulike/PreviewStart1927$Pending;)V
PASS	Lcom/hiro/ulike/PreviewStart1927;->access$300()Ljava/util/Map;
PASS	Lcom/hiro/ulike/PreviewStart1927;->access$400(Lcom/hiro/ulike/PreviewStart1927$Pending;J)V
PASS	Lcom/hiro/ulike/PreviewStart1927;->access$500(Lcom/ss/android/vesdk/VECameraCapture;)V
PASS	Lcom/hiro/ulike/PreviewStart1927;->access$600(Lcom/ss/android/vesdk/VECameraCapture;I)V
PASS	Lcom/hiro/ulike/PreviewStart1927;->access$700(Lcom/ss/android/vesdk/VECameraCapture;)V
PASS	Lcom/hiro/ulike/PreviewStart1927;->drop(Lcom/ss/android/vesdk/VECameraCapture;Lcom/hiro/ulike/PreviewStart1927$Pending;)V
PASS	Lcom/hiro/ulike/PreviewStart1927;->enter(Lcom/ss/android/vesdk/VECameraCapture;)V
PASS	Lcom/hiro/ulike/PreviewStart1927;->leave(Lcom/ss/android/vesdk/VECameraCapture;)V
PASS	Lcom/hiro/ulike/PreviewStart1927;->owned(Lcom/ss/android/vesdk/VECameraCapture;)Z
PASS	Lcom/hiro/ulike/PreviewStart1927;->pipelines(Lcom/ss/android/vesdk/VECameraCapture;)V
PASS	Lcom/hiro/ulike/PreviewStart1927;->remember(Lcom/ss/android/vesdk/VECameraCapture;I)V
PASS	Lcom/hiro/ulike/PreviewStart1927;->schedule(Lcom/hiro/ulike/PreviewStart1927$Pending;J)V
PASS	Lcom/hiro/ulike/PreviewStart1927;->sourcesReady(Lcom/ss/android/vesdk/VECameraCapture;)Z
PASS	Lcom/hiro/ulike/PreviewStart1927;->start(Lcom/ss/android/vesdk/VECameraCapture;)I
PASS	Lcom/hiro/ulike/ProviderLifecycle1929$Release;-><init>(Ljava/lang/Object;Ljava/lang/Object;Ljava/lang/Object;Z)V
PASS	Lcom/hiro/ulike/ProviderLifecycle1929;-><clinit>()V
PASS	Lcom/hiro/ulike/ProviderLifecycle1929;-><init>()V
PASS	Lcom/hiro/ulike/ProviderLifecycle1929;->call(Ljava/lang/Object;Ljava/lang/String;)Ljava/lang/Object;
PASS	Lcom/hiro/ulike/ProviderLifecycle1929;->captureRelease(Ljava/lang/Object;Ljava/lang/Object;)V
PASS	Lcom/hiro/ulike/ProviderLifecycle1929;->copy(Ljava/lang/Object;Ljava/lang/Object;)V
PASS	Lcom/hiro/ulike/ProviderLifecycle1929;->get(Ljava/lang/Object;Ljava/lang/String;)Ljava/lang/Object;
PASS	Lcom/hiro/ulike/ProviderLifecycle1929;->liveManager(Ljava/lang/Object;)Li/s/a/w/l0/c;
PASS	Lcom/hiro/ulike/ProviderLifecycle1929;->put(Ljava/lang/Object;Ljava/lang/String;Ljava/lang/Object;)V
PASS	Lcom/hiro/ulike/ProviderLifecycle1929;->release(Ljava/lang/Object;Ljava/lang/Object;)V
PASS	Lcom/hiro/ulike/ProviderLifecycle1929;->same(Ljava/lang/Object;Ljava/lang/Object;)Z
PASS	Lcom/hiro/ulike/QualityPipeline1932$1;-><init>(Landroid/graphics/Bitmap;)V
PASS	Lcom/hiro/ulike/QualityPipeline1932$1;->read([IIIII)V
PASS	Lcom/hiro/ulike/QualityPipeline1932$2;-><init>(ILandroid/graphics/Bitmap;III)V
PASS	Lcom/hiro/ulike/QualityPipeline1932$2;->readRow(I[I)V
PASS	Lcom/hiro/ulike/QualityPipeline1932$3;-><init>(I[IIILandroid/graphics/Bitmap;)V
PASS	Lcom/hiro/ulike/QualityPipeline1932$3;->writeRow(I[I)V
PASS	Lcom/hiro/ulike/QualityPipeline1932$Prepared;-><init>(Landroid/graphics/Bitmap;)V
PASS	Lcom/hiro/ulike/QualityPipeline1932$Strips;-><init>(Landroid/graphics/Bitmap;)V
PASS	Lcom/hiro/ulike/QualityPipeline1932$Strips;->fail(Ljava/lang/Throwable;)V
PASS	Lcom/hiro/ulike/QualityPipeline1932$Strips;->read(Lcom/hiro/ulike/QualityPipeline1932$Worker;)I
PASS	Lcom/hiro/ulike/QualityPipeline1932$Strips;->write(Lcom/hiro/ulike/QualityPipeline1932$Worker;)V
PASS	Lcom/hiro/ulike/QualityPipeline1932$Worker;-><init>(Lcom/hiro/ulike/QualityPipeline1932$Strips;Lcom/hiro/ulike/QualityPixels1932$Plan;ZZ)V
PASS	Lcom/hiro/ulike/QualityPipeline1932$Worker;->run()V
PASS	Lcom/hiro/ulike/QualityPipeline1932;-><clinit>()V
PASS	Lcom/hiro/ulike/QualityPipeline1932;-><init>()V
PASS	Lcom/hiro/ulike/QualityPipeline1932;->access$000([II)V
PASS	Lcom/hiro/ulike/QualityPipeline1932;->applyDetail(Landroid/graphics/Bitmap;Landroid/graphics/Bitmap;Lcom/hiro/ulike/PhotoDetail$Settings;)Landroid/graphics/Bitmap;
PASS	Lcom/hiro/ulike/QualityPipeline1932;->availableMemory()J
PASS	Lcom/hiro/ulike/QualityPipeline1932;->finishInPlace(Landroid/graphics/Bitmap;Lcom/hiro/ulike/QualityPixels1932$Plan;ZZ)V
PASS	Lcom/hiro/ulike/QualityPipeline1932;->lensKind(Lcom/hiro/ulike/ShotContext1932$Snapshot;)I
PASS	Lcom/hiro/ulike/QualityPipeline1932;->mutableOwned(Landroid/graphics/Bitmap;Landroid/graphics/Bitmap;)Landroid/graphics/Bitmap;
PASS	Lcom/hiro/ulike/QualityPipeline1932;->normalize(Landroid/graphics/Bitmap;IZ)Landroid/graphics/Bitmap;
PASS	Lcom/hiro/ulike/QualityPipeline1932;->normalizeRotation(I)I
PASS	Lcom/hiro/ulike/QualityPipeline1932;->probeSpatial(Landroid/graphics/Bitmap;)Lcom/hiro/ulike/SpatialNoise1934;
PASS	Lcom/hiro/ulike/QualityPipeline1932;->readable(Landroid/graphics/Bitmap;)Z
PASS	Lcom/hiro/ulike/QualityPipeline1932;->recycleOwned(Landroid/graphics/Bitmap;Landroid/graphics/Bitmap;)V
PASS	Lcom/hiro/ulike/QualityPipeline1932;->requireMemory(J)V
PASS	Lcom/hiro/ulike/QualityPipeline1932;->resample(Landroid/graphics/Bitmap;III)Landroid/graphics/Bitmap;
PASS	Lcom/hiro/ulike/QualityPipeline1932;->restore(Ljava/lang/ThreadLocal;Ljava/lang/Object;)V
PASS	Lcom/hiro/ulike/QualityPipeline1932;->reverse([II)V
PASS	Lcom/hiro/ulike/QualityPipeline1932;->run(Lcom/hiro/ulike/ChromaPipeline186$State;Lcom/hiro/ulike/ChromaPipeline186$Buffer;)V
PASS	Lcom/hiro/ulike/QualityPipeline1932;->settingsForLegacy(Lcom/hiro/ulike/PhotoDetail$Settings;)Lcom/hiro/ulike/PhotoDetail$Settings;
PASS	Lcom/hiro/ulike/QualityPipeline1932;->shadowBudgetQ8(II)I
PASS	Lcom/hiro/ulike/QualityPipeline1932;->shadowBudgetQ8(IIII)I
PASS	Lcom/hiro/ulike/QualityPipeline1932;->stateCreated(Lcom/hiro/ulike/ChromaPipeline186$State;)V
PASS	Lcom/hiro/ulike/QualityPixels1932$Axis;-><init>(IIDD)V
PASS	Lcom/hiro/ulike/QualityPixels1932$NoiseProbe;-><init>()V
PASS	Lcom/hiro/ulike/QualityPixels1932$NoiseProbe;->add([III)V
PASS	Lcom/hiro/ulike/QualityPixels1932$NoiseProbe;->finish()Lcom/hiro/ulike/QualityPixels1932$NoiseStats;
PASS	Lcom/hiro/ulike/QualityPixels1932$NoiseStats;-><init>(FFFFI)V
PASS	Lcom/hiro/ulike/QualityPixels1932$Plan;-><init>(IIIIIIIFFZZZLcom/hiro/ulike/SpatialNoise1934;ZLcom/hiro/ulike/QualityPixels1932$RegionMask;)V
PASS	Lcom/hiro/ulike/QualityPixels1932$Plan;-><init>(IIIIIIIFFZZZLcom/hiro/ulike/SpatialNoise1934;ZLcom/hiro/ulike/QualityPixels1932$RegionMask;Lcom/hiro/ulike/QualityPixels1932$1;)V
PASS	Lcom/hiro/ulike/QualityPixels1932$Plan;->withFaceRegions(Lcom/hiro/ulike/QualityPixels1932$RegionMask;)Lcom/hiro/ulike/QualityPixels1932$Plan;
PASS	Lcom/hiro/ulike/QualityPixels1932$Plan;->withHaloSuppression(Z)Lcom/hiro/ulike/QualityPixels1932$Plan;
PASS	Lcom/hiro/ulike/QualityPixels1932$Plan;->withLocalNoise(Lcom/hiro/ulike/SpatialNoise1934;I)Lcom/hiro/ulike/QualityPixels1932$Plan;
PASS	Lcom/hiro/ulike/QualityPixels1932$Plan;->withOutputNoise(Lcom/hiro/ulike/SpatialNoise1934;)Lcom/hiro/ulike/QualityPixels1932$Plan;
PASS	Lcom/hiro/ulike/QualityPixels1932$RowCache;-><init>(Lcom/hiro/ulike/QualityPixels1932$RowSource;IILcom/hiro/ulike/QualityPixels1932$Axis;I)V
PASS	Lcom/hiro/ulike/QualityPixels1932$RowCache;->close()V
PASS	Lcom/hiro/ulike/QualityPixels1932$RowCache;->get(I)[F
PASS	Lcom/hiro/ulike/QualityPixels1932;-><init>()V
PASS	Lcom/hiro/ulike/QualityPixels1932;->access$000(FFFF)F
PASS	Lcom/hiro/ulike/QualityPixels1932;->access$100([III)V
PASS	Lcom/hiro/ulike/QualityPixels1932;->access$1000(I)I
PASS	Lcom/hiro/ulike/QualityPixels1932;->access$1100(I)I
PASS	Lcom/hiro/ulike/QualityPixels1932;->access$1200(FFF)F
PASS	Lcom/hiro/ulike/QualityPixels1932;->access$200(I)I
PASS	Lcom/hiro/ulike/QualityPixels1932;->access$300(I)I
PASS	Lcom/hiro/ulike/QualityPixels1932;->access$400([II)I
PASS	Lcom/hiro/ulike/QualityPixels1932;->access$500(III)I
PASS	Lcom/hiro/ulike/QualityPixels1932;->access$700(D)D
PASS	Lcom/hiro/ulike/QualityPixels1932;->access$800(D)D
PASS	Lcom/hiro/ulike/QualityPixels1932;->access$900(I)I
PASS	Lcom/hiro/ulike/QualityPixels1932;->blue(I)I
PASS	Lcom/hiro/ulike/QualityPixels1932;->blueGreen(I)I
PASS	Lcom/hiro/ulike/QualityPixels1932;->checkPixels([III)V
PASS	Lcom/hiro/ulike/QualityPixels1932;->checkStrip([I[IIIII)V
PASS	Lcom/hiro/ulike/QualityPixels1932;->clamp(III)I
PASS	Lcom/hiro/ulike/QualityPixels1932;->clampFloat(FFF)F
PASS	Lcom/hiro/ulike/QualityPixels1932;->cubic(D)D
PASS	Lcom/hiro/ulike/QualityPixels1932;->denoiseBudgetQ8(IILcom/hiro/ulike/QualityPixels1932$Plan;)I
PASS	Lcom/hiro/ulike/QualityPixels1932;->denoiseBudgetQ8(IILcom/hiro/ulike/QualityPixels1932$Plan;II)I
PASS	Lcom/hiro/ulike/QualityPixels1932;->estimate([III)Lcom/hiro/ulike/QualityPixels1932$NoiseStats;
PASS	Lcom/hiro/ulike/QualityPixels1932;->finishStrip([I[IIIIILcom/hiro/ulike/QualityPixels1932$Plan;ZZ)V
PASS	Lcom/hiro/ulike/QualityPixels1932;->finishStripAt([I[IIIIILcom/hiro/ulike/QualityPixels1932$Plan;ZZI)V
PASS	Lcom/hiro/ulike/QualityPixels1932;->finiteClamp(FFFF)F
PASS	Lcom/hiro/ulike/QualityPixels1932;->green(I)I
PASS	Lcom/hiro/ulike/QualityPixels1932;->lanczos2(D)D
PASS	Lcom/hiro/ulike/QualityPixels1932;->localDenoiseMix([I[IIIIIILcom/hiro/ulike/QualityPixels1932$Plan;)V
PASS	Lcom/hiro/ulike/QualityPixels1932;->localDenoiseMix([I[IIIIILcom/hiro/ulike/QualityPixels1932$Plan;)V
PASS	Lcom/hiro/ulike/QualityPixels1932;->luma(I)I
PASS	Lcom/hiro/ulike/QualityPixels1932;->median([II)I
PASS	Lcom/hiro/ulike/QualityPixels1932;->mix(III)I
PASS	Lcom/hiro/ulike/QualityPixels1932;->plan(Lcom/hiro/ulike/QualityPixels1932$NoiseStats;IJIFIIZZF)Lcom/hiro/ulike/QualityPixels1932$Plan;
PASS	Lcom/hiro/ulike/QualityPixels1932;->red(I)I
PASS	Lcom/hiro/ulike/QualityPixels1932;->redGreen(I)I
PASS	Lcom/hiro/ulike/QualityPixels1932;->removePeriodicChroma([IIII)I
PASS	Lcom/hiro/ulike/QualityPixels1932;->resize(Lcom/hiro/ulike/QualityPixels1932$RowSource;IILcom/hiro/ulike/QualityPixels1932$RowSink;II)V
PASS	Lcom/hiro/ulike/QualityPixels1932;->resizeCrop(Lcom/hiro/ulike/QualityPixels1932$RowSource;IILcom/hiro/ulike/QualityPixels1932$RowSink;IIDDDD)V
PASS	Lcom/hiro/ulike/QualityPixels1932;->roundDiv(II)I
PASS	Lcom/hiro/ulike/QualityPixels1932;->shadowBudgetQ8(IILcom/hiro/ulike/QualityPixels1932$Plan;)I
PASS	Lcom/hiro/ulike/QualityPixels1932;->shadowBudgetQ8(IILcom/hiro/ulike/QualityPixels1932$Plan;II)I
PASS	Lcom/hiro/ulike/QualityPixels1932;->sharpen([IIIIILcom/hiro/ulike/QualityPixels1932$Plan;III)I
PASS	Lcom/hiro/ulike/QualityPixels1932;->skinWeight(I)I
PASS	Lcom/hiro/ulike/QualityShadow1932$1;-><init>()V
PASS	Lcom/hiro/ulike/QualityShadow1932$1;->initialValue()Ljava/lang/Object;
PASS	Lcom/hiro/ulike/QualityShadow1932$1;->initialValue()[I
PASS	Lcom/hiro/ulike/QualityShadow1932;-><clinit>()V
PASS	Lcom/hiro/ulike/QualityShadow1932;-><init>()V
PASS	Lcom/hiro/ulike/QualityShadow1932;->clamp(I)I
PASS	Lcom/hiro/ulike/QualityShadow1932;->mix(III)I
PASS	Lcom/hiro/ulike/QualityShadow1932;->residualConfidenceQ8(F)I
PASS	Lcom/hiro/ulike/QualityShadow1932;->roundDiv(II)I
PASS	Lcom/hiro/ulike/QualityShadow1932;->smooth([I[IIIIIIZ)V
PASS	Lcom/hiro/ulike/QualityShadow1932;->smoothRange([I[IIIIIIIIZI)V
PASS	Lcom/hiro/ulike/QualityShadow1932;->smoothRange([I[IIIIIIIIZILcom/hiro/ulike/QualityPixels1932$Plan;I)V
PASS	Lcom/hiro/ulike/QualityShadow1932;->textureQ8([IIIIIIIFI)I
PASS	Lcom/hiro/ulike/QualityShadow1932;->tone(I)I
PASS	Lcom/hiro/ulike/QualityShadow1932;->y(I)I
PASS	Lcom/hiro/ulike/RearLensUi1930;-><init>()V
PASS	Lcom/hiro/ulike/RearLensUi1930;->rearSelected()Z
PASS	Lcom/hiro/ulike/RearRestart1926;-><init>()V
PASS	Lcom/hiro/ulike/RearRestart1926;->initialized(Ljava/lang/Object;)V
PASS	Lcom/hiro/ulike/RearRestart1926;->prepared(Ljava/lang/Object;I)V
PASS	Lcom/hiro/ulike/RearRestart1926;->recoveryWindowReady()Z
PASS	Lcom/hiro/ulike/RenderStartup1938$Pending;-><init>(Ljava/lang/Object;Landroid/view/Surface;J)V
PASS	Lcom/hiro/ulike/RenderStartup1938$Pending;->current(Ljava/lang/Object;Landroid/view/Surface;)Z
PASS	Lcom/hiro/ulike/RenderStartup1938$Pending;->run()V
PASS	Lcom/hiro/ulike/RenderStartup1938$Replay;-><init>(Lcom/hiro/ulike/RenderStartup1938$Pending;)V
PASS	Lcom/hiro/ulike/RenderStartup1938$Replay;->onDone(I)V
PASS	Lcom/hiro/ulike/RenderStartup1938;-><clinit>()V
PASS	Lcom/hiro/ulike/RenderStartup1938;-><init>()V
PASS	Lcom/hiro/ulike/RenderStartup1938;->access$000(Lcom/hiro/ulike/RenderStartup1938$Pending;J)V
PASS	Lcom/hiro/ulike/RenderStartup1938;->access$100(Ljava/lang/Object;Ljava/lang/String;)Z
PASS	Lcom/hiro/ulike/RenderStartup1938;->access$200(Ljava/lang/Object;Ljava/lang/String;)Ljava/lang/Object;
PASS	Lcom/hiro/ulike/RenderStartup1938;->access$300(Ljava/lang/Object;Ljava/lang/String;)Ljava/lang/Object;
PASS	Lcom/hiro/ulike/RenderStartup1938;->access$400()Ljava/lang/Object;
PASS	Lcom/hiro/ulike/RenderStartup1938;->access$500()Ljava/util/Map;
PASS	Lcom/hiro/ulike/RenderStartup1938;->access$600(Ljava/lang/Object;Lcom/hiro/ulike/RenderStartup1938$Pending;)V
PASS	Lcom/hiro/ulike/RenderStartup1938;->access$700(Ljava/lang/Object;Ljava/lang/String;)I
PASS	Lcom/hiro/ulike/RenderStartup1938;->admitted(Lcom/ss/android/vesdk/VEListener$VECallListener;)Z
PASS	Lcom/hiro/ulike/RenderStartup1938;->call(Ljava/lang/Object;Ljava/lang/String;)Ljava/lang/Object;
PASS	Lcom/hiro/ulike/RenderStartup1938;->cancelled(Ljava/lang/Object;)V
PASS	Lcom/hiro/ulike/RenderStartup1938;->drop(Ljava/lang/Object;Lcom/hiro/ulike/RenderStartup1938$Pending;)V
PASS	Lcom/hiro/ulike/RenderStartup1938;->event(Ljava/lang/Object;I)V
PASS	Lcom/hiro/ulike/RenderStartup1938;->get(Ljava/lang/Object;Ljava/lang/String;)Ljava/lang/Object;
PASS	Lcom/hiro/ulike/RenderStartup1938;->number(Ljava/lang/Object;Ljava/lang/String;)I
PASS	Lcom/hiro/ulike/RenderStartup1938;->requested(Ljava/lang/Object;Landroid/view/Surface;)V
PASS	Lcom/hiro/ulike/RenderStartup1938;->requestedAsync(Ljava/lang/Object;Landroid/view/Surface;Lcom/ss/android/vesdk/VEListener$VECallListener;)V
PASS	Lcom/hiro/ulike/RenderStartup1938;->schedule(Lcom/hiro/ulike/RenderStartup1938$Pending;J)V
PASS	Lcom/hiro/ulike/RenderStartup1938;->yes(Ljava/lang/Object;Ljava/lang/String;)Z
PASS	Lcom/hiro/ulike/SaveFd186$1;-><init>()V
PASS	Lcom/hiro/ulike/SaveFd186$1;->newThread(Ljava/lang/Runnable;)Ljava/lang/Thread;
PASS	Lcom/hiro/ulike/SaveFd186$2;-><init>()V
PASS	Lcom/hiro/ulike/SaveFd186$2;->dispose(Lcom/hiro/ulike/SaveFd186$Pending;)V
PASS	Lcom/hiro/ulike/SaveFd186$2;->dispose(Ljava/lang/Object;)V
PASS	Lcom/hiro/ulike/SaveFd186$3;-><init>()V
PASS	Lcom/hiro/ulike/SaveFd186$3;->run()V
PASS	Lcom/hiro/ulike/SaveFd186$4;-><init>(Lcom/hiro/ulike/PrepTicket186;Landroid/content/Context;[I)V
PASS	Lcom/hiro/ulike/SaveFd186$4;->run()V
PASS	Lcom/hiro/ulike/SaveFd186$Pending;-><init>(Landroid/content/ContentResolver;IILcom/hiro/ulike/PrepTicket186;)V
PASS	Lcom/hiro/ulike/SaveFd186$Pending;->abort()V
PASS	Lcom/hiro/ulike/SaveFd186$Pending;->prepare()V
PASS	Lcom/hiro/ulike/SaveFd186$Pending;->snapshot()Landroid/system/StructStat;
PASS	Lcom/hiro/ulike/SaveFd186$Pending;->verify()V
PASS	Lcom/hiro/ulike/SaveFd186$Proof;-><init>(Landroid/system/StructStat;)V
PASS	Lcom/hiro/ulike/SaveFd186$Proof;->same(Landroid/system/StructStat;Z)Z
PASS	Lcom/hiro/ulike/SaveFd186$Receipt;-><init>(Ljava/lang/String;IILcom/hiro/ulike/SaveFd186$Proof;J)V
PASS	Lcom/hiro/ulike/SaveFd186$Span;-><init>(Ljava/lang/String;)V
PASS	Lcom/hiro/ulike/SaveFd186$Span;->close()V
PASS	Lcom/hiro/ulike/SaveFd186;-><clinit>()V
PASS	Lcom/hiro/ulike/SaveFd186;-><init>()V
PASS	Lcom/hiro/ulike/SaveFd186;->canUseStage(Landroid/graphics/Bitmap;Ljava/io/File;)Z
PASS	Lcom/hiro/ulike/SaveFd186;->cleanupCaller()V
PASS	Lcom/hiro/ulike/SaveFd186;->discard(Ljava/lang/String;)V
PASS	Lcom/hiro/ulike/SaveFd186;->hasStage(Ljava/lang/String;)Z
PASS	Lcom/hiro/ulike/SaveFd186;->internal(Landroid/content/Context;Ljava/io/File;)Z
PASS	Lcom/hiro/ulike/SaveFd186;->key(Ljava/lang/String;)Ljava/lang/String;
PASS	Lcom/hiro/ulike/SaveFd186;->publishStage(Ljava/lang/String;)Ljava/lang/String;
PASS	Lcom/hiro/ulike/SaveFd186;->recycle(Landroid/graphics/Bitmap;Landroid/graphics/Bitmap;)V
PASS	Lcom/hiro/ulike/SaveFd186;->rethrowFatal(Ljava/lang/Throwable;)V
PASS	Lcom/hiro/ulike/SaveFd186;->saveStage(Landroid/graphics/Bitmap;Ljava/io/File;I)Z
PASS	Lcom/hiro/ulike/SaveFd186;->takeSize(Ljava/lang/String;)[I
PASS	Lcom/hiro/ulike/SaveIo168;-><init>()V
PASS	Lcom/hiro/ulike/SaveIo168;->checkedPath(Landroid/content/ContentResolver;Landroid/net/Uri;)Ljava/lang/String;
PASS	Lcom/hiro/ulike/SaveIo168;->checkedPath186(Landroid/content/ContentResolver;Landroid/net/Uri;)Ljava/lang/String;
PASS	Lcom/hiro/ulike/SaveIo168;->copyBytes(Ljava/io/InputStream;Ljava/io/OutputStream;)J
PASS	Lcom/hiro/ulike/SaveIo168;->publish(Landroid/content/Context;Ljava/io/File;Ljava/lang/String;II)Ljava/lang/String;
PASS	Lcom/hiro/ulike/SaveIo168;->verifyLength(Landroid/content/ContentResolver;Landroid/net/Uri;J)V
PASS	Lcom/hiro/ulike/SaveOptions172$FixedChange;-><init>()V
PASS	Lcom/hiro/ulike/SaveOptions172$FixedChange;->onPreferenceChange(Landroid/preference/Preference;Ljava/lang/Object;)Z
PASS	Lcom/hiro/ulike/SaveOptions172;-><init>()V
PASS	Lcom/hiro/ulike/SaveOptions172;->install(Landroid/preference/PreferenceActivity;)V
PASS	Lcom/hiro/ulike/SaveQuality2$3;-><init>()V
PASS	Lcom/hiro/ulike/SaveQuality2$3;->run()V
PASS	Lcom/hiro/ulike/SaveQuality2$4$1;-><init>(Lcom/hiro/ulike/SaveQuality2$4;Ljava/lang/String;)V
PASS	Lcom/hiro/ulike/SaveQuality2$4$1;->run()V
PASS	Lcom/hiro/ulike/SaveQuality2$4;-><init>(Li/o/a/q/c/c/b/e;Landroid/graphics/Bitmap;IILcom/light/beauty/decorate/FragmentDecoratePicture;Li/o/a/i1/e/c;)V
PASS	Lcom/hiro/ulike/SaveQuality2$4;->run()V
PASS	Lcom/hiro/ulike/SaveQuality2$5;-><init>()V
PASS	Lcom/hiro/ulike/SaveQuality2$5;->onHeaderDecoded(Landroid/graphics/ImageDecoder;Landroid/graphics/ImageDecoder$ImageInfo;Landroid/graphics/ImageDecoder$Source;)V
PASS	Lcom/hiro/ulike/SaveQuality2;-><clinit>()V
PASS	Lcom/hiro/ulike/SaveQuality2;-><init>()V
PASS	Lcom/hiro/ulike/SaveQuality2;->access$300()Landroid/content/Context;
PASS	Lcom/hiro/ulike/SaveQuality2;->access$500()Ljava/util/concurrent/atomic/AtomicBoolean;
PASS	Lcom/hiro/ulike/SaveQuality2;->app186()Landroid/content/Context;
PASS	Lcom/hiro/ulike/SaveQuality2;->confirmPublish(Li/o/a/i1/e/c;)V
PASS	Lcom/hiro/ulike/SaveQuality2;->copy(Ljava/io/File;Ljava/io/OutputStream;)V
PASS	Lcom/hiro/ulike/SaveQuality2;->cropScale(IIII)D
PASS	Lcom/hiro/ulike/SaveQuality2;->discardStage(Ljava/lang/String;)V
PASS	Lcom/hiro/ulike/SaveQuality2;->failure186()V
PASS	Lcom/hiro/ulike/SaveQuality2;->gainmap186(Landroid/graphics/Bitmap;)Z
PASS	Lcom/hiro/ulike/SaveQuality2;->hasGainmap(Landroid/graphics/Bitmap;)Z
PASS	Lcom/hiro/ulike/SaveQuality2;->init(Landroid/content/Context;)V
PASS	Lcom/hiro/ulike/SaveQuality2;->install(Landroid/preference/PreferenceActivity;)V
PASS	Lcom/hiro/ulike/SaveQuality2;->isFixed245Enabled()Z
PASS	Lcom/hiro/ulike/SaveQuality2;->newStagingPath()Ljava/lang/String;
PASS	Lcom/hiro/ulike/SaveQuality2;->normalize186(Landroid/graphics/Bitmap;IZ)Landroid/graphics/Bitmap;
PASS	Lcom/hiro/ulike/SaveQuality2;->normalizePhoto(Landroid/graphics/Bitmap;IZ)Landroid/graphics/Bitmap;
PASS	Lcom/hiro/ulike/SaveQuality2;->normalizeRotation(I)I
PASS	Lcom/hiro/ulike/SaveQuality2;->output186(IIIZ)[I
PASS	Lcom/hiro/ulike/SaveQuality2;->outputSize(IIIZ)[I
PASS	Lcom/hiro/ulike/SaveQuality2;->publishExisting(Ljava/io/File;)Z
PASS	Lcom/hiro/ulike/SaveQuality2;->publishFinal(Ljava/lang/String;)Ljava/lang/String;
PASS	Lcom/hiro/ulike/SaveQuality2;->publishPhoto(Ljava/io/File;Ljava/lang/String;II)Ljava/lang/String;
PASS	Lcom/hiro/ulike/SaveQuality2;->publishPhotoBefore168(Ljava/io/File;Ljava/lang/String;II)Ljava/lang/String;
PASS	Lcom/hiro/ulike/SaveQuality2;->saveAndPublish(Landroid/graphics/Bitmap;I)Ljava/lang/String;
PASS	Lcom/hiro/ulike/SaveQuality2;->saveDirect(Landroid/graphics/Bitmap;Ljava/io/File;Landroid/graphics/Bitmap$CompressFormat;)Z
PASS	Lcom/hiro/ulike/SaveQuality2;->saveFinal(Landroid/graphics/Bitmap;Ljava/io/File;Landroid/graphics/Bitmap$CompressFormat;I)Z
PASS	Lcom/hiro/ulike/SaveQuality2;->savedSize(Ljava/lang/String;)[I
PASS	Lcom/hiro/ulike/SaveQuality2;->setFixed245(Z)Z
PASS	Lcom/hiro/ulike/SaveQuality2;->showSaveFailure()V
PASS	Lcom/hiro/ulike/SaveQuality2;->validHeif(Ljava/io/File;)Z
PASS	Lcom/hiro/ulike/SaveQueue1935$1;-><init>()V
PASS	Lcom/hiro/ulike/SaveQueue1935$1;->run()V
PASS	Lcom/hiro/ulike/SaveQueue1935;-><clinit>()V
PASS	Lcom/hiro/ulike/SaveQueue1935;-><init>()V
PASS	Lcom/hiro/ulike/SaveQueue1935;->access$000()V
PASS	Lcom/hiro/ulike/SaveQueue1935;->count()I
PASS	Lcom/hiro/ulike/SaveQueue1935;->drain()V
PASS	Lcom/hiro/ulike/SaveQueue1935;->memoryAllows(JJ)Z
PASS	Lcom/hiro/ulike/SaveQueue1935;->release()V
PASS	Lcom/hiro/ulike/SaveQueue1935;->reserve()V
PASS	Lcom/hiro/ulike/SaveQueue1935;->submit(Ljava/lang/Runnable;)V
PASS	Lcom/hiro/ulike/SessionFallback1929$1;-><init>(Ljava/lang/ref/WeakReference;J)V
PASS	Lcom/hiro/ulike/SessionFallback1929$1;->run()V
PASS	Lcom/hiro/ulike/SessionFallback1929;-><init>()V
PASS	Lcom/hiro/ulike/SessionFallback1929;->close(Landroid/hardware/camera2/CameraCaptureSession;)V
PASS	Lcom/hiro/ulike/SessionFallback1929;->current(Lcom/hiro/ulike/OpticalZoom$Route;J)Z
PASS	Lcom/hiro/ulike/SessionFallback1929;->failed(Ljava/lang/Object;Landroid/hardware/camera2/CameraCaptureSession;)V
PASS	Lcom/hiro/ulike/SessionFallback1929;->local(Ljava/lang/String;)Ljava/lang/Object;
PASS	Lcom/hiro/ulike/SettingsReturn1918$1;-><init>(Landroid/app/Activity;)V
PASS	Lcom/hiro/ulike/SettingsReturn1918$1;->run()V
PASS	Lcom/hiro/ulike/SettingsReturn1918;-><init>()V
PASS	Lcom/hiro/ulike/SettingsReturn1918;->returnToCameraIfSettings(Landroid/app/Activity;)Z
PASS	Lcom/hiro/ulike/ShadowDetail1923;-><clinit>()V
PASS	Lcom/hiro/ulike/ShadowDetail1923;-><init>()V
PASS	Lcom/hiro/ulike/ShadowDetail1923;->clamp(I)I
PASS	Lcom/hiro/ulike/ShadowDetail1923;->legacy(Lcom/hiro/ulike/DetailPixels$Work;IIIIIIZZZ)V
PASS	Lcom/hiro/ulike/ShadowDetail1923;->mix(III)I
PASS	Lcom/hiro/ulike/ShadowDetail1923;->run(Lcom/hiro/ulike/ChromaPipeline186$State;Lcom/hiro/ulike/ChromaPipeline186$Buffer;)V
PASS	Lcom/hiro/ulike/ShadowDetail1923;->smooth([I[IIIIIIZ)V
PASS	Lcom/hiro/ulike/ShadowDetail1923;->smoothRange([I[IIIIIIIIZI)V
PASS	Lcom/hiro/ulike/ShadowDetail1923;->tone(I)I
PASS	Lcom/hiro/ulike/ShadowDetail1923;->y(I)I
PASS	Lcom/hiro/ulike/ShotContext1932$BeautyKey;-><init>(Ljava/lang/Object;F)V
PASS	Lcom/hiro/ulike/ShotContext1932$Shot;-><init>(FJ)V
PASS	Lcom/hiro/ulike/ShotContext1932$ShotKey;-><init>(Ljava/lang/Object;Lcom/hiro/ulike/ShotContext1932$Shot;)V
PASS	Lcom/hiro/ulike/ShotContext1932$Snapshot;-><init>(JJIJFIILjava/lang/String;Ljava/lang/String;ZFII)V
PASS	Lcom/hiro/ulike/ShotContext1932$Snapshot;-><init>(JJIJFIILjava/lang/String;Ljava/lang/String;ZFIILcom/hiro/ulike/ShotContext1932$1;)V
PASS	Lcom/hiro/ulike/ShotContext1932;-><clinit>()V
PASS	Lcom/hiro/ulike/ShotContext1932;-><init>()V
PASS	Lcom/hiro/ulike/ShotContext1932;->access$108()J
PASS	Lcom/hiro/ulike/ShotContext1932;->asCharacteristics(Ljava/lang/Object;)Landroid/hardware/camera2/CameraCharacteristics;
PASS	Lcom/hiro/ulike/ShotContext1932;->asDevice(Ljava/lang/Object;)Landroid/hardware/camera2/CameraDevice;
PASS	Lcom/hiro/ulike/ShotContext1932;->beautyFor(Ljava/lang/Object;)F
PASS	Lcom/hiro/ulike/ShotContext1932;->begin(Ljava/lang/Object;Ljava/lang/Object;)V
PASS	Lcom/hiro/ulike/ShotContext1932;->beginRecorder(Ljava/lang/Object;Ljava/lang/Object;)V
PASS	Lcom/hiro/ulike/ShotContext1932;->bind(Ljava/lang/Object;Lcom/hiro/ulike/ShotContext1932$Shot;)V
PASS	Lcom/hiro/ulike/ShotContext1932;->bindDelivery(Ljava/lang/Object;Ljava/lang/Object;Landroid/graphics/Bitmap;)V
PASS	Lcom/hiro/ulike/ShotContext1932;->copy(Landroid/graphics/Bitmap;Landroid/graphics/Bitmap;)V
PASS	Lcom/hiro/ulike/ShotContext1932;->facing(Landroid/hardware/camera2/CameraCharacteristics;)I
PASS	Lcom/hiro/ulike/ShotContext1932;->failed(Ljava/lang/Object;I)V
PASS	Lcom/hiro/ulike/ShotContext1932;->field(Ljava/lang/Object;Ljava/lang/String;)Ljava/lang/Object;
PASS	Lcom/hiro/ulike/ShotContext1932;->find(Ljava/lang/Object;)Lcom/hiro/ulike/ShotContext1932$Shot;
PASS	Lcom/hiro/ulike/ShotContext1932;->forBitmap(Landroid/graphics/Bitmap;)Lcom/hiro/ulike/ShotContext1932$Snapshot;
PASS	Lcom/hiro/ulike/ShotContext1932;->forget(Ljava/lang/Object;)V
PASS	Lcom/hiro/ulike/ShotContext1932;->invalidateBeauty(Ljava/lang/Object;)V
PASS	Lcom/hiro/ulike/ShotContext1932;->lensKind(IFLandroid/hardware/camera2/CameraCharacteristics;Ljava/lang/Object;Ljava/lang/String;)I
PASS	Lcom/hiro/ulike/ShotContext1932;->observeBeauty(Ljava/lang/Object;Ljava/lang/String;F)V
PASS	Lcom/hiro/ulike/ShotContext1932;->observeBeautyArray(Ljava/lang/Object;[Ljava/lang/String;[F)V
PASS	Lcom/hiro/ulike/ShotContext1932;->observeBeautyArrayResult(Ljava/lang/Object;[Ljava/lang/String;[FI)V
PASS	Lcom/hiro/ulike/ShotContext1932;->observeBeautyResult(Ljava/lang/Object;Ljava/lang/String;FI)V
PASS	Lcom/hiro/ulike/ShotContext1932;->opticalRoute(Landroid/hardware/camera2/CameraDevice;)Ljava/lang/Object;
PASS	Lcom/hiro/ulike/ShotContext1932;->positiveFloat(Ljava/lang/Float;)F
PASS	Lcom/hiro/ulike/ShotContext1932;->positiveInt(Ljava/lang/Integer;)I
PASS	Lcom/hiro/ulike/ShotContext1932;->positiveLong(Ljava/lang/Long;)J
PASS	Lcom/hiro/ulike/ShotContext1932;->prune(J)V
PASS	Lcom/hiro/ulike/ShotContext1932;->received(Ljava/lang/Object;Landroid/media/Image;Landroid/hardware/camera2/CaptureResult;)V
PASS	Lcom/hiro/ulike/ShotContext1932;->receivedValues1933(Ljava/lang/Object;Ljava/lang/Object;JIILandroid/hardware/camera2/CaptureResult;)Z
PASS	Lcom/hiro/ulike/ShotContext1932;->recorderFromCallback(Ljava/lang/Object;)Ljava/lang/Object;
PASS	Lcom/hiro/ulike/ShotContext1932;->safeString(Ljava/lang/Object;)Ljava/lang/String;
PASS	Lcom/hiro/ulike/ShotContext1932;->selectResult(Landroid/hardware/camera2/CaptureResult;Ljava/lang/String;)Landroid/hardware/camera2/CaptureResult;
PASS	Lcom/hiro/ulike/ShotContext1932;->transfer(Ljava/lang/Object;Ljava/lang/Object;)V
PASS	Lcom/hiro/ulike/ShotContext1932;->unwrapCallback(Ljava/lang/Object;)Ljava/lang/Object;
PASS	Lcom/hiro/ulike/ShutterFeedback1941$Pulse;-><init>(Lcom/bytedance/corecamera/ui/view/CameraShadeView;)V
PASS	Lcom/hiro/ulike/ShutterFeedback1941$Pulse;->access$002(Lcom/hiro/ulike/ShutterFeedback1941$Pulse;Landroid/graphics/RectF;)Landroid/graphics/RectF;
PASS	Lcom/hiro/ulike/ShutterFeedback1941$Pulse;->access$102(Lcom/hiro/ulike/ShutterFeedback1941$Pulse;J)J
PASS	Lcom/hiro/ulike/ShutterFeedback1941$Pulse;->clear(Lcom/bytedance/corecamera/ui/view/CameraShadeView;)V
PASS	Lcom/hiro/ulike/ShutterFeedback1941$Pulse;->draw(Landroid/graphics/Canvas;)V
PASS	Lcom/hiro/ulike/ShutterFeedback1941$Pulse;->getOpacity()I
PASS	Lcom/hiro/ulike/ShutterFeedback1941$Pulse;->onViewAttachedToWindow(Landroid/view/View;)V
PASS	Lcom/hiro/ulike/ShutterFeedback1941$Pulse;->onViewDetachedFromWindow(Landroid/view/View;)V
PASS	Lcom/hiro/ulike/ShutterFeedback1941$Pulse;->run()V
PASS	Lcom/hiro/ulike/ShutterFeedback1941$Pulse;->setAlpha(I)V
PASS	Lcom/hiro/ulike/ShutterFeedback1941$Pulse;->setColorFilter(Landroid/graphics/ColorFilter;)V
PASS	Lcom/hiro/ulike/ShutterFeedback1941;-><clinit>()V
PASS	Lcom/hiro/ulike/ShutterFeedback1941;-><init>()V
PASS	Lcom/hiro/ulike/ShutterFeedback1941;->access$200()Ljava/util/WeakHashMap;
PASS	Lcom/hiro/ulike/ShutterFeedback1941;->show(Landroid/view/View;)Z
PASS	Lcom/hiro/ulike/ShutterFeedback1941;->showOnUi(Landroid/view/View;)Z
PASS	Lcom/hiro/ulike/ShutterFeedback1941;->strength(J)F
PASS	Lcom/hiro/ulike/ShutterFeedback1941;->valid(Landroid/graphics/RectF;II)Z
PASS	Lcom/hiro/ulike/SpatialNoise1934;-><init>(IIIIFFFF[FLcom/hiro/ulike/QualityPixels1932$NoiseStats;)V
PASS	Lcom/hiro/ulike/SpatialNoise1934;->budgetQ8(FF)I
PASS	Lcom/hiro/ulike/SpatialNoise1934;->probe(Lcom/hiro/ulike/SpatialNoise1934$Patches;II)Lcom/hiro/ulike/SpatialNoise1934;
PASS	Lcom/hiro/ulike/SpatialNoise1934;->sigmaAt(FF)F
PASS	Lcom/hiro/ulike/SpeedWorkers1935$1;-><init>()V
PASS	Lcom/hiro/ulike/SpeedWorkers1935$1;->newThread(Ljava/lang/Runnable;)Ljava/lang/Thread;
PASS	Lcom/hiro/ulike/SpeedWorkers1935$Group;-><init>()V
PASS	Lcom/hiro/ulike/SpeedWorkers1935$Group;-><init>(Lcom/hiro/ulike/SpeedWorkers1935$1;)V
PASS	Lcom/hiro/ulike/SpeedWorkers1935$Task;-><init>(Ljava/lang/Runnable;Lcom/hiro/ulike/SpeedWorkers1935$Group;)V
PASS	Lcom/hiro/ulike/SpeedWorkers1935$Task;->cancel()V
PASS	Lcom/hiro/ulike/SpeedWorkers1935$Task;->run()V
PASS	Lcom/hiro/ulike/SpeedWorkers1935;-><clinit>()V
PASS	Lcom/hiro/ulike/SpeedWorkers1935;-><init>()V
PASS	Lcom/hiro/ulike/SpeedWorkers1935;->access$000()Ljava/util/concurrent/atomic/AtomicInteger;
PASS	Lcom/hiro/ulike/SpeedWorkers1935;->access$200()Ljava/lang/ThreadLocal;
PASS	Lcom/hiro/ulike/SpeedWorkers1935;->access$300()Ljava/util/concurrent/Semaphore;
PASS	Lcom/hiro/ulike/SpeedWorkers1935;->availableMemory()J
PASS	Lcom/hiro/ulike/SpeedWorkers1935;->borrowFloats(I)[F
PASS	Lcom/hiro/ulike/SpeedWorkers1935;->borrowInts(I)[I
PASS	Lcom/hiro/ulike/SpeedWorkers1935;->cancelAll([Lcom/hiro/ulike/SpeedWorkers1935$Task;)V
PASS	Lcom/hiro/ulike/SpeedWorkers1935;->enterLegacy()Z
PASS	Lcom/hiro/ulike/SpeedWorkers1935;->leaveLegacy(Z)V
PASS	Lcom/hiro/ulike/SpeedWorkers1935;->maxWorkers()I
PASS	Lcom/hiro/ulike/SpeedWorkers1935;->release([F)V
PASS	Lcom/hiro/ulike/SpeedWorkers1935;->release([I)V
PASS	Lcom/hiro/ulike/SpeedWorkers1935;->releaseArray(Ljava/lang/Object;J)V
PASS	Lcom/hiro/ulike/SpeedWorkers1935;->retainedBytes()J
PASS	Lcom/hiro/ulike/SpeedWorkers1935;->run([Ljava/lang/Runnable;)V
PASS	Lcom/hiro/ulike/SpeedWorkers1935;->trim()V
PASS	Lcom/hiro/ulike/SpeedWorkers1935;->trimForAllocation(J)V
PASS	Lcom/hiro/ulike/StageSlot186;-><init>()V
PASS	Lcom/hiro/ulike/StageSlot186;->contains(Ljava/lang/String;)Z
PASS	Lcom/hiro/ulike/StageSlot186;->putUnique(Ljava/lang/String;Ljava/lang/Object;)Z
PASS	Lcom/hiro/ulike/StageSlot186;->remove(Ljava/lang/String;)Ljava/lang/Object;
PASS	Lcom/hiro/ulike/Startup175$1;-><init>()V
PASS	Lcom/hiro/ulike/Startup175$1;->execute(Ljava/lang/Runnable;)V
PASS	Lcom/hiro/ulike/Startup175$2$1;-><init>(Lcom/hiro/ulike/Startup175$2;Lcom/hiro/ulike/OpticalZoom$Inventory;Ljava/lang/String;)V
PASS	Lcom/hiro/ulike/Startup175$2$1;->run()V
PASS	Lcom/hiro/ulike/Startup175$2;-><init>(Lcom/hiro/ulike/Startup175$Job;)V
PASS	Lcom/hiro/ulike/Startup175$2;->run()V
PASS	Lcom/hiro/ulike/Startup175$Job;-><init>(Landroid/hardware/camera2/CameraManager;Lcom/hiro/ulike/OpticalZoom$Inventory;Lcom/hiro/ulike/OpticalZoom$Lens;Ljava/util/Map;[Ljava/lang/String;)V
PASS	Lcom/hiro/ulike/Startup175$Timing;-><init>(J)V
PASS	Lcom/hiro/ulike/Startup175$Timing;->ms(J)Ljava/lang/String;
PASS	Lcom/hiro/ulike/Startup175$Timing;->text()Ljava/lang/String;
PASS	Lcom/hiro/ulike/Startup175;-><clinit>()V
PASS	Lcom/hiro/ulike/Startup175;-><init>()V
PASS	Lcom/hiro/ulike/Startup175;->access$000(Lcom/hiro/ulike/Startup175$Job;Lcom/hiro/ulike/OpticalZoom$Inventory;Ljava/lang/String;)V
PASS	Lcom/hiro/ulike/Startup175;->afterFrame(Lcom/hiro/ulike/OpticalZoom$Route;)V
PASS	Lcom/hiro/ulike/Startup175;->available(I)Z
PASS	Lcom/hiro/ulike/Startup175;->chosen(Lcom/hiro/ulike/OpticalZoom$Route;J)V
PASS	Lcom/hiro/ulike/Startup175;->deferSelection(I)Z
PASS	Lcom/hiro/ulike/Startup175;->equivalent(Landroid/hardware/camera2/CameraCharacteristics;)D
PASS	Lcom/hiro/ulike/Startup175;->event(Lcom/hiro/ulike/OpticalZoom$Route;I)V
PASS	Lcom/hiro/ulike/Startup175;->finish(Lcom/hiro/ulike/Startup175$Job;Lcom/hiro/ulike/OpticalZoom$Inventory;Ljava/lang/String;)V
PASS	Lcom/hiro/ulike/Startup175;->initial(Landroid/hardware/camera2/CameraManager;Ljava/lang/String;Landroid/hardware/camera2/CameraCharacteristics;I)Lcom/hiro/ulike/OpticalZoom$Inventory;
PASS	Lcom/hiro/ulike/Startup175;->pending(Lcom/hiro/ulike/OpticalZoom$Inventory;)Z
PASS	Lcom/hiro/ulike/Startup175;->request(Lcom/hiro/ulike/OpticalZoom$Inventory;)V
PASS	Lcom/hiro/ulike/Startup175;->timing(Lcom/hiro/ulike/OpticalZoom$Route;)Ljava/lang/String;
PASS	Lcom/hiro/ulike/StartupFocus173;-><init>()V
PASS	Lcom/hiro/ulike/StartupFocus173;->copy(Landroid/hardware/camera2/CaptureRequest$Builder;Lcom/hiro/ulike/OpticalZoom$Route;Ljava/util/List;Landroid/hardware/camera2/CaptureRequest$Key;)V
PASS	Lcom/hiro/ulike/StartupFocus173;->preparePreview(Landroid/hardware/camera2/CaptureRequest$Builder;Lcom/hiro/ulike/OpticalZoom$Route;I)V
PASS	Lcom/hiro/ulike/StartupFocus173;->supports(Lcom/hiro/ulike/OpticalZoom$Route;I)Z
PASS	Lcom/hiro/ulike/StartupFocus173;->sync(Landroid/hardware/camera2/CaptureRequest$Builder;Lcom/hiro/ulike/OpticalZoom$Route;Ljava/util/List;)V
PASS	Lcom/hiro/ulike/StartupReset184;-><init>()V
PASS	Lcom/hiro/ulike/StartupReset184;->beforeForeground(Ljava/lang/Object;)V
PASS	Lcom/hiro/ulike/StartupReset184;->beforeTrack(Ljava/lang/Object;)V
PASS	Lcom/hiro/ulike/StartupReset184;->reset()V
PASS	Lcom/hiro/ulike/StyleStill4$1;-><init>()V
PASS	Lcom/hiro/ulike/StyleStill4$1;->find(J)Ljava/lang/Object;
PASS	Lcom/hiro/ulike/StyleStill4$Capture;-><init>(Ljava/lang/Object;JLjava/lang/String;)V
PASS	Lcom/hiro/ulike/StyleStill4$Decision;-><init>(ZLjava/lang/String;)V
PASS	Lcom/hiro/ulike/StyleStill4;-><clinit>()V
PASS	Lcom/hiro/ulike/StyleStill4;-><init>()V
PASS	Lcom/hiro/ulike/StyleStill4;->assetId(Ljava/lang/String;)Ljava/lang/String;
PASS	Lcom/hiro/ulike/StyleStill4;->call(Ljava/lang/Object;Ljava/lang/String;)Ljava/lang/Object;
PASS	Lcom/hiro/ulike/StyleStill4;->captureStreamEnabled(Ljava/lang/Object;Z)Z
PASS	Lcom/hiro/ulike/StyleStill4;->choose(Ljava/lang/Object;Ljava/lang/Object;)Z
PASS	Lcom/hiro/ulike/StyleStill4;->configureRequest(Ljava/lang/Object;Ljava/lang/Object;)Z
PASS	Lcom/hiro/ulike/StyleStill4;->flag(Ljava/lang/Object;Ljava/lang/String;)Z
PASS	Lcom/hiro/ulike/StyleStill4;->inspect(Ljava/lang/Object;)Lcom/hiro/ulike/StyleStill4$Decision;
PASS	Lcom/hiro/ulike/StyleStill4;->inspect(Ljava/lang/Object;Lcom/hiro/ulike/StyleStill4$EffectLookup;)Lcom/hiro/ulike/StyleStill4$Decision;
PASS	Lcom/hiro/ulike/StyleStill4;->ready()Z
PASS	Lcom/hiro/ulike/TextureBeauty$1;-><init>()V
PASS	Lcom/hiro/ulike/TextureBeauty$1;->onPreferenceChange(Landroid/preference/Preference;Ljava/lang/Object;)Z
PASS	Lcom/hiro/ulike/TextureBeauty;-><clinit>()V
PASS	Lcom/hiro/ulike/TextureBeauty;-><init>()V
PASS	Lcom/hiro/ulike/TextureBeauty;->access$000()Landroid/content/SharedPreferences;
PASS	Lcom/hiro/ulike/TextureBeauty;->access$102(Z)Z
PASS	Lcom/hiro/ulike/TextureBeauty;->init(Landroid/content/Context;)V
PASS	Lcom/hiro/ulike/TextureBeauty;->install(Landroid/preference/PreferenceActivity;)V
PASS	Lcom/hiro/ulike/TextureBeauty;->tune(Ljava/lang/String;F)F
PASS	Lcom/hiro/ulike/TextureBeauty;->tuneArray([Ljava/lang/String;[F)[F
PASS	Lcom/hiro/ulike/YuvPlanes1934$Plane;-><init>(Landroid/media/Image$Plane;II)V
PASS	Lcom/hiro/ulike/YuvPlanes1934$Plane;->write(II[BIII)V
PASS	Lcom/hiro/ulike/YuvPlanes1934;-><clinit>()V
PASS	Lcom/hiro/ulike/YuvPlanes1934;-><init>()V
PASS	Lcom/hiro/ulike/YuvPlanes1934;->copy(Landroid/media/Image;[B)Z
PASS	Lcom/hiro/ulike/YuvPlanes1934;->copyStrict(Landroid/media/Image;[B)V
PASS	Lcom/hiro/ulike/YuvPlanes1934;->owned(Landroid/media/Image;)[B
PASS	Lcom/hiro/ulike/YuvPlanes1934;->required(Landroid/media/Image;)I
PASS	Lcom/hiro/ulike/YuvPlanes1934;->rows(I)[B
PASS	Lcom/hiro/ulike/ZoomGeometry188$1;-><init>()V
PASS	Lcom/hiro/ulike/ZoomGeometry188$1;->initialValue()Lcom/hiro/ulike/ZoomGeometry188$Geometry;
PASS	Lcom/hiro/ulike/ZoomGeometry188$1;->initialValue()Ljava/lang/Object;
PASS	Lcom/hiro/ulike/ZoomGeometry188$2;-><init>()V
PASS	Lcom/hiro/ulike/ZoomGeometry188$2;->initialValue()Lcom/hiro/ulike/ZoomGeometry188$Pool;
PASS	Lcom/hiro/ulike/ZoomGeometry188$2;->initialValue()Ljava/lang/Object;
PASS	Lcom/hiro/ulike/ZoomGeometry188$Geometry;-><init>()V
PASS	Lcom/hiro/ulike/ZoomGeometry188$Geometry;-><init>(Lcom/hiro/ulike/ZoomGeometry188$1;)V
PASS	Lcom/hiro/ulike/ZoomGeometry188$Pool;-><init>()V
PASS	Lcom/hiro/ulike/ZoomGeometry188$Pool;-><init>(Lcom/hiro/ulike/ZoomGeometry188$1;)V
PASS	Lcom/hiro/ulike/ZoomGeometry188$Pool;->acquire()Landroid/graphics/Rect;
PASS	Lcom/hiro/ulike/ZoomGeometry188$Pool;->release()V
PASS	Lcom/hiro/ulike/ZoomGeometry188;-><clinit>()V
PASS	Lcom/hiro/ulike/ZoomGeometry188;-><init>()V
PASS	Lcom/hiro/ulike/ZoomGeometry188;->bar(DDDDIIF)[I
PASS	Lcom/hiro/ulike/ZoomGeometry188;->collides(Landroid/view/View;Landroid/view/View;Landroid/view/View;Landroid/graphics/Rect;I[IF)Z
PASS	Lcom/hiro/ulike/ZoomGeometry188;->scan(Landroid/view/View;Landroid/view/View;Landroid/view/View;Landroid/graphics/Rect;I[IFLandroid/graphics/Rect;)Z
PASS	Lcom/light/beauty/albumimport/GalleryPictureFragment$d;->a([Ljava/lang/Void;)Ljava/lang/String;
PASS	Lcom/light/beauty/albumimport/GalleryPictureFragment$d;->b(Ljava/lang/String;)V
PASS	Lcom/light/beauty/assist/viewmodel/AssistClientViewModel;->B(Ljava/io/File;Z)Z
PASS	Lcom/light/beauty/basisplatform/appsetting/AppSettingsActivity;->onCreate(Landroid/os/Bundle;)V
PASS	Lcom/light/beauty/data/FuApplication;->attachBaseContext(Landroid/content/Context;)V
PASS	Lcom/light/beauty/data/FuApplication;->onCreate()V
PASS	Lcom/light/beauty/uiwidget/view/DecorateExposureBar$d;->onAnimationEnd(Landroid/animation/Animator;)V
PASS	Lcom/light/beauty/uiwidget/view/DecorateExposureBar;->e()V
PASS	Lcom/light/beauty/uiwidget/view/DecorateExposureBar;->g()V
PASS	Lcom/ss/android/common/applog/AppLog$ActionReaper;->run()V
PASS	Lcom/ss/android/common/applog/AppLog;->enqueue(Lcom/ss/android/common/applog/AppLog$ActionQueueItem;)V
PASS	Lcom/ss/android/common/applog/AppLog;->enqueue(Lcom/ss/android/common/applog/LogQueueItem;)V
PASS	Lcom/ss/android/common/applog/LogReaper;->run()V
PASS	Lcom/ss/android/medialib/RecordInvoker;->renderPicture(Lcom/ss/android/medialib/camera/ImageFrame;IILcom/ss/android/medialib/RecordInvoker$OnPictureCallbackV2;)I
PASS	Lcom/ss/android/vesdk/TECameraVideoRecorder$11;->run()V
PASS	Lcom/ss/android/vesdk/TECameraVideoRecorder$60$2;->onResult(II)V
PASS	Lcom/ss/android/vesdk/TECameraVideoRecorder$61;->onBufferFrameArrived(III[B)V
PASS	Lcom/ss/android/vesdk/TECameraVideoRecorder;->notifyRecState(IILjava/lang/String;)V
PASS	Lcom/ss/android/vesdk/TECameraVideoRecorder;->onDestroy()V
PASS	Lcom/ss/android/vesdk/TECameraVideoRecorder;->onPause()V
PASS	Lcom/ss/android/vesdk/TECameraVideoRecorder;->startPreview(Landroid/view/Surface;)V
PASS	Lcom/ss/android/vesdk/TECameraVideoRecorder;->startPreviewAsync(Landroid/view/Surface;Lcom/ss/android/vesdk/VEListener$VECallListener;)V
PASS	Lcom/ss/android/vesdk/TECameraVideoRecorder;->stopPreview()V
PASS	Lcom/ss/android/vesdk/TECameraVideoRecorder;->stopPreviewAsync(Lcom/ss/android/vesdk/VEListener$VECallListener;Z)V
PASS	Lcom/ss/android/vesdk/TECameraVideoRecorder;->surfaceCreated(Landroid/view/Surface;)V
PASS	Lcom/ss/android/vesdk/TECameraVideoRecorder;->surfaceDestroyed(Landroid/view/Surface;)V
PASS	Lcom/ss/android/vesdk/VECameraCapture;->addCapturePipelines(Lcom/ss/android/vesdk/ConcurrentList;)V
PASS	Lcom/ss/android/vesdk/VECameraCapture;->close()I
PASS	Lcom/ss/android/vesdk/VECameraCapture;->close(Lcom/bytedance/bpea/basics/Cert;)I
PASS	Lcom/ss/android/vesdk/VECameraCapture;->close(Z)I
PASS	Lcom/ss/android/vesdk/VECameraCapture;->close(ZLcom/bytedance/bpea/basics/Cert;)I
PASS	Lcom/ss/android/vesdk/VECameraCapture;->destroy()V
PASS	Lcom/ss/android/vesdk/VECameraCapture;->init(Landroid/content/Context;Lcom/ss/android/vesdk/VECameraSettings;)I
PASS	Lcom/ss/android/vesdk/VECameraCapture;->onBackGround()V
PASS	Lcom/ss/android/vesdk/VECameraCapture;->onCaptureStarted(II)V
PASS	Lcom/ss/android/vesdk/VECameraCapture;->onError(ILjava/lang/String;)V
PASS	Lcom/ss/android/vesdk/VECameraCapture;->onForeGround()V
PASS	Lcom/ss/android/vesdk/VECameraCapture;->start(Lcom/ss/android/vesdk/ConcurrentList;)I
PASS	Lcom/ss/android/vesdk/VECameraCapture;->startPreview()I
PASS	Lcom/ss/android/vesdk/VECameraCapture;->stopPreview(Z)I
PASS	Lcom/ss/android/vesdk/VECameraCapture;->switchCamera(Lcom/ss/android/vesdk/VECameraSettings$CAMERA_FACING_ID;Lcom/bytedance/bpea/basics/Cert;)I
PASS	Lcom/ss/android/vesdk/VECameraCapture;->switchCamera(Lcom/ss/android/vesdk/VECameraSettings;Lcom/bytedance/bpea/basics/Cert;)I
PASS	Lcom/ss/android/vesdk/VECameraCapture;->switchCameraMode(ILcom/ss/android/ttvecamera/TECameraSettings;)I
PASS	Lcom/ss/android/vesdk/VECameraCapture;->takePicture(IILcom/ss/android/ttvecamera/TECameraSettings$m;)I
PASS	Lcom/ss/android/vesdk/VECameraCapture;->takePicture(Lcom/ss/android/ttvecamera/TECameraSettings$m;)I
PASS	Lcom/ss/android/vesdk/VECameraCapture;->takePicture(Lcom/ss/android/vesdk/VECameraSettings$PictureCallback;)I
PASS	Lcom/ss/android/vesdk/VEEditor;->compile(Ljava/lang/String;Ljava/lang/String;Lcom/ss/android/vesdk/VEVideoEncodeSettings;Lcom/ss/android/vesdk/VEListener$VEEditorCompileListener;)Z
PASS	Lcom/ss/android/vesdk/VEEditor;->updateComposerNode(Ljava/lang/String;Ljava/lang/String;F)I
PASS	Lcom/ss/android/vesdk/VEImage;->updateComposerNode(Ljava/lang/String;Ljava/lang/String;F)V
PASS	Lcom/ss/android/vesdk/VERecorder$3;->onDone(I)V
PASS	Lcom/ss/android/vesdk/VERecorder;->appendComposerNodes([Ljava/lang/String;I)I
PASS	Lcom/ss/android/vesdk/VERecorder;->appendComposerNodesWithTag([Ljava/lang/String;I[Ljava/lang/String;)I
PASS	Lcom/ss/android/vesdk/VERecorder;->capture(IIIZZLcom/ss/android/vesdk/VERecorder$ILightSoftCallback;Lcom/ss/android/vesdk/VERecorder$IBitmapCaptureCallback;)V
PASS	Lcom/ss/android/vesdk/VERecorder;->capture(IZZLcom/ss/android/vesdk/VERecorder$ILightSoftCallback;Lcom/ss/android/vesdk/VERecorder$IBitmapCaptureCallback;)V
PASS	Lcom/ss/android/vesdk/VERecorder;->capture(Lcom/ss/android/vesdk/VECaptureRequest;)V
PASS	Lcom/ss/android/vesdk/VERecorder;->reloadComposerNodes([Ljava/lang/String;I)I
PASS	Lcom/ss/android/vesdk/VERecorder;->reloadComposerNodesWithTag([Ljava/lang/String;I[Ljava/lang/String;)I
PASS	Lcom/ss/android/vesdk/VERecorder;->removeComposerNodes([Ljava/lang/String;I)I
PASS	Lcom/ss/android/vesdk/VERecorder;->replaceComposerNodes([Ljava/lang/String;I[Ljava/lang/String;I)I
PASS	Lcom/ss/android/vesdk/VERecorder;->replaceComposerNodesWithTag([Ljava/lang/String;I[Ljava/lang/String;I[Ljava/lang/String;)I
PASS	Lcom/ss/android/vesdk/VERecorder;->setComposerMode(II)I
PASS	Lcom/ss/android/vesdk/VERecorder;->setComposerNodes([Ljava/lang/String;I)I
PASS	Lcom/ss/android/vesdk/VERecorder;->setComposerNodesWithTag([Ljava/lang/String;I[Ljava/lang/String;)I
PASS	Lcom/ss/android/vesdk/VERecorder;->setComposerResourcePath(Ljava/lang/String;)I
PASS	Lcom/ss/android/vesdk/VERecorder;->startRecord(F)I
PASS	Lcom/ss/android/vesdk/VERecorder;->startRecord(Ljava/lang/String;F)I
PASS	Lcom/ss/android/vesdk/VERecorder;->startRecord(Ljava/lang/String;Ljava/lang/String;F)I
PASS	Lcom/ss/android/vesdk/VERecorder;->startRecordAsync(FLcom/ss/android/vesdk/VEListener$VECallListener;)V
PASS	Lcom/ss/android/vesdk/VERecorder;->stopRecord()I
PASS	Lcom/ss/android/vesdk/VERecorder;->stopRecord(Lcom/ss/android/vesdk/VEListener$VECallListener;)I
PASS	Lcom/ss/android/vesdk/VERecorder;->stopRecord(Z)I
PASS	Lcom/ss/android/vesdk/VERecorder;->stopRecordAsync(Lcom/ss/android/vesdk/VEListener$VECallListener;)V
PASS	Lcom/ss/android/vesdk/VERecorder;->updateComposerNode(Ljava/lang/String;Ljava/lang/String;F)I
PASS	Lcom/ss/android/vesdk/VERecorder;->updateMultiComposerNodes(I[Ljava/lang/String;[Ljava/lang/String;[F)I
PASS	Lcom/ss/android/vesdk/runtime/VEEffectConfig;->configEffect(Ljava/lang/String;Ljava/lang/String;)V
PASS	Lcom/ss/android/vesdk/runtime/VEEffectConfig;->setABConfigValue(Ljava/lang/String;Ljava/lang/Object;I)V
PASS	Lcom/ss/ugc/effectplatform/algorithm/AlgorithmModelResourceFinder;->findResourceUri(Ljava/lang/String;Ljava/lang/String;)Ljava/lang/String;
PASS	Li/f/j0/d/d;->J(Z)V
PASS	Li/f/l/h;->G(F)V
PASS	Li/f/l/n/q/y/c;->c0(Li/f/l/t/h;JIIZFZFF)V
PASS	Li/f/l/n/q/y/c;->g0(Z)V
PASS	Li/f/l/n/q/y/c;->k0(Li/f/l/t/e;)V
PASS	Li/f/l/o/f/o/s;->d()I
PASS	Li/f/l/o/f/o/s;->o()I
PASS	Li/f/l/o/f/o/s;->p()I
PASS	Li/f/l/r/h;->run()V
PASS	Li/f/l/r/j;->b(Z)I
PASS	Li/f/l/r/t;->a(IZZLcom/ss/android/vesdk/VERecorder$ILightSoftCallback;Lcom/ss/android/vesdk/VERecorder$IBitmapCaptureCallback;ZZLcom/ss/android/vesdk/VERecorder$IVEFrameShotScreenCallback;)V
PASS	Li/f/l/r/t;->e(IIZLcom/ss/android/vesdk/VERecorder$IBitmapShotScreenCallback;Lcom/ss/android/vesdk/VERecorder$IVEFrameShotScreenCallback;ZZZ)V
PASS	Li/f/l/r/v$a;->onImageError(II)V
PASS	Li/f/l/r/v$a;->onImageRenderSuccess(Landroid/graphics/Bitmap;Lcom/ss/android/ttve/model/VEFrame;)V
PASS	Li/f/l/r/v;->a(Li/f/l/r/r;)V
PASS	Li/f/l/r/v;->c(Lcom/ss/android/vesdk/VERecorder$IBitmapShotScreenCallback;)V
PASS	Li/f/l/u/i;->b(Li/f/l/u/g;I)Lcom/ss/android/vesdk/VECameraSettings;
PASS	Li/f/l/u/i;->c(Li/f/l/u/g;Lcom/ss/android/vesdk/VESize;)Lcom/ss/android/vesdk/VEPreviewSettings;
PASS	Li/f/n0/g/c;->t()Z
PASS	Li/f/p0/e/b/b;-><init>(Lcom/ss/android/vesdk/VERecorder;)V
PASS	Li/f/p0/e/b/b;->p(F)V
PASS	Li/f/q/i/c;->D()Ljava/lang/String;
PASS	Li/k/a/c/a/a/a;->b(Landroid/content/Context;)Li/k/a/c/a/a/a$a;
PASS	Li/l/a/e/o/r;->e(Landroid/graphics/Bitmap;II)Landroid/graphics/Bitmap;
PASS	Li/l/a/e/o/r;->n(Landroid/graphics/Bitmap;)Ljava/lang/String;
PASS	Li/n/a/i0/c;->b(Landroid/graphics/Bitmap;IZ)Ljava/lang/String;
PASS	Li/n/c/a/o/w/f;->l(Z)Ljava/lang/String;
PASS	Li/n/c/c/a/e/a;->c(Landroid/graphics/Bitmap;Ljava/io/File;Landroid/graphics/Bitmap$CompressFormat;)Z
PASS	Li/n/c/c/a/e/a;->e(Landroid/graphics/Bitmap;Ljava/io/File;Landroid/graphics/Bitmap$CompressFormat;)Z
PASS	Li/o/a/b1/a/b/f/a;->c(II)V
PASS	Li/o/a/b1/a/d/b;->g(IIZ)V
PASS	Li/o/a/b1/a/d/b;->h(Li/o/a/b1/a/d/b;IIZ)V
PASS	Li/o/a/b1/a/g/f0/f;->q()V
PASS	Li/o/a/b1/a/g/y$d;->a(Z)V
PASS	Li/o/a/b1/a/g/y;->D(IIIZZ)V
PASS	Li/o/a/b1/a/g/y;->O1()V
PASS	Li/o/a/b1/a/g/y;->X(IZ)Z
PASS	Li/o/a/b1/a/g/y;->h2(IIIZZ)V
PASS	Li/o/a/b1/a/n/a;->a(Landroid/view/View;)V
PASS	Li/o/a/b1/a/n/a;->b()V
PASS	Li/o/a/b1/a/n/c;->a(Landroid/view/View;)V
PASS	Li/o/a/b1/a/n/c;->b()V
PASS	Li/o/a/b1/a/n/f/c$a;->a(I)V
PASS	Li/o/a/b1/a/s/j/v/z/b;->F()V
PASS	Li/o/a/b1/a/s/j/v/z/b;->I(Lcom/bytedance/effect/data/EffectInfo;)V
PASS	Li/o/a/b1/a/s/j/v/z/b;->O(Z)V
PASS	Li/o/a/b1/a/s/j/v/z/b;->e()V
PASS	Li/o/a/b1/a/x/f;-><init>()V
PASS	Li/o/a/h0/h/j;->b(Ljava/lang/String;Ljava/util/ArrayList;)Landroid/content/Intent;
PASS	Li/o/a/i1/e/d;->a()V
PASS	Li/o/a/k1/c$c;->invokeSuspend(Ljava/lang/Object;)Ljava/lang/Object;
PASS	Li/o/a/k1/c;->c(Ljava/lang/String;)V
PASS	Li/o/a/l/a$a;->a(Landroid/content/Context;Z)V
PASS	Li/o/a/m/j/f;->j(IIIZZ)V
PASS	Li/o/a/m/j/f;->k(IZ)V
PASS	Li/o/a/m/j/f;->l(Li/o/a/m/j/f;IZ)V
PASS	Li/o/a/m/j/f;->m(IIIZ)V
PASS	Li/o/a/q/c/c/b/e;-><init>(Li/o/a/q/c/c/b/e$c;)V
PASS	Li/o/a/q/c/c/b/e;->a(Ljava/lang/String;I)V
PASS	Li/o/a/q/c/c/b/e;->b(Ljava/lang/String;Ljava/lang/String;)Z
PASS	Li/o/a/q/c/c/b/e;->m(Landroid/graphics/Bitmap;IIZ)V
PASS	Li/o/a/q/c/c/b/e;->n(Landroid/graphics/Bitmap;IIZLjava/lang/String;)Z
PASS	Li/o/a/q/c/c/b/e;->s(Landroid/graphics/Bitmap;IIZZ)Ljava/lang/String;
PASS	Li/o/a/v/e0;->h()V
PASS	Li/o/a/v/e0;->q()V
PASS	Li/p/a/s/c/d;->m(Ljava/lang/Runnable;Ljava/lang/String;Li/p/a/s/c/c;J)V
PASS	Li/p/a/t/e;->d(Landroid/graphics/Bitmap;Landroid/graphics/Bitmap;IDD)Landroid/graphics/Bitmap;
PASS	Li/s/a/w/c0/b;->o0()I
PASS	Li/s/a/w/d0/a$g;->onImageAvailable(Landroid/media/ImageReader;)V
PASS	Li/s/a/w/d0/a;->H0()V
PASS	Li/s/a/w/d0/a;->J0()V
PASS	Li/s/a/w/d0/a;->N0(Ljava/lang/Exception;I)V
PASS	Li/s/a/w/d0/a;->P0(Landroid/hardware/camera2/CaptureResult;)V
PASS	Li/s/a/w/d0/a;->Q0(Landroid/media/Image;Landroid/hardware/camera2/TotalCaptureResult;)V
PASS	Li/s/a/w/d0/a;->S0(IIII)Li/s/a/w/w;
PASS	Li/s/a/w/d0/a;->U0(II)V
PASS	Li/s/a/w/d0/a;->W0(Landroid/hardware/camera2/CaptureRequest$Builder;)V
PASS	Li/s/a/w/d0/a;->m(Li/s/a/w/k0/a;ILcom/ss/android/ttvecamera/TECameraSettings$d;)V
PASS	Li/s/a/w/d0/a;->o0()I
PASS	Li/s/a/w/d0/a;->p()V
PASS	Li/s/a/w/d0/a;->s(Ljava/util/List;Landroid/hardware/camera2/CameraCaptureSession$StateCallback;Landroid/os/Handler;)V
PASS	Li/s/a/w/d0/a;->u0(Lcom/ss/android/ttvecamera/TECameraSettings$m;I)V
PASS	Li/s/a/w/d0/b;->o0()I
PASS	Li/s/a/w/d;->takePicture(IILcom/ss/android/ttvecamera/TECameraSettings$m;)V
PASS	Li/s/a/w/d;->takePicture(Lcom/ss/android/ttvecamera/TECameraSettings$m;)V
PASS	Li/s/a/w/g0/c$a;->onCaptureBufferLost(Landroid/hardware/camera2/CameraCaptureSession;Landroid/hardware/camera2/CaptureRequest;Landroid/view/Surface;J)V
PASS	Li/s/a/w/g0/c$a;->onCaptureCompleted(Landroid/hardware/camera2/CameraCaptureSession;Landroid/hardware/camera2/CaptureRequest;Landroid/hardware/camera2/TotalCaptureResult;)V
PASS	Li/s/a/w/g0/c$a;->onCaptureFailed(Landroid/hardware/camera2/CameraCaptureSession;Landroid/hardware/camera2/CaptureRequest;Landroid/hardware/camera2/CaptureFailure;)V
PASS	Li/s/a/w/g0/c$a;->onCaptureSequenceAborted(Landroid/hardware/camera2/CameraCaptureSession;I)V
PASS	Li/s/a/w/g0/c$a;->onCaptureSequenceCompleted(Landroid/hardware/camera2/CameraCaptureSession;IJ)V
PASS	Li/s/a/w/g0/c;->b(Landroid/hardware/camera2/CaptureRequest$Builder;Ljava/util/concurrent/atomic/AtomicBoolean;Z)Landroid/hardware/camera2/CameraCaptureSession$CaptureCallback;
PASS	Li/s/a/w/g;->B()V
PASS	Li/s/a/w/h0/b;->E(I)Ljava/util/List;
PASS	Li/s/a/w/h0/b;->F()Ljava/util/List;
PASS	Li/s/a/w/h0/b;->Q(Ljava/lang/String;I)I
PASS	Li/s/a/w/h0/b;->W(I)Ljava/lang/String;
PASS	Li/s/a/w/h0/b;->a()I
PASS	Li/s/a/w/h0/b;->a0(Ljava/lang/Object;)V
PASS	Li/s/a/w/h0/b;->j(Landroid/hardware/camera2/CaptureRequest$Builder;Landroid/hardware/camera2/CameraCaptureSession$CaptureCallback;Landroid/os/Handler;)Li/s/a/w/h0/b$h;
PASS	Li/s/a/w/h0/b;->k(Landroid/hardware/camera2/CaptureRequest;Landroid/hardware/camera2/CameraCaptureSession$CaptureCallback;Landroid/os/Handler;)Li/s/a/w/h0/b$h;
PASS	Li/s/a/w/h0/b;->l(Ljava/util/List;Landroid/hardware/camera2/CameraCaptureSession$CaptureCallback;Landroid/os/Handler;)Li/s/a/w/h0/b$h;
PASS	Li/s/a/w/h0/b;->r(I)Landroid/hardware/camera2/CaptureRequest$Builder;
PASS	Li/s/a/w/h0/b;->s(Ljava/util/List;Landroid/hardware/camera2/CameraCaptureSession$StateCallback;Landroid/os/Handler;)V
PASS	Li/s/a/w/h0/b;->t()V
PASS	Li/s/a/w/h0/b;->u(Li/s/a/w/u;)I
PASS	Li/s/a/w/h0/b;->w0()I
PASS	Li/s/a/w/h0/b;->y(Li/s/a/w/u;)I
PASS	Li/s/a/w/h0/b;->z0(Landroid/hardware/camera2/CaptureRequest$Builder;Landroid/hardware/camera2/CameraCaptureSession$CaptureCallback;Landroid/os/Handler;)Li/s/a/w/h0/b$h;
PASS	Li/s/a/w/l0/b;->m(Li/s/a/w/m;)V
PASS	Li/s/a/w/l0/c$a;-><init>(Li/s/a/w/l0/c$a;)V
PASS	Li/s/a/w/l0/c$a;->a(Li/s/a/w/l0/c$a;)V
PASS	Li/s/a/w/l0/c$a;->b(Li/s/a/w/l0/c$a;)Z
PASS	Li/s/a/w/l0/d;->j(Landroid/hardware/camera2/params/StreamConfigurationMap;Li/s/a/w/w;)I
PASS	Li/s/a/w/l0/e;->j(Landroid/hardware/camera2/params/StreamConfigurationMap;Li/s/a/w/w;)I
PASS	Li/s/a/w/l0/f;->j(Landroid/hardware/camera2/params/StreamConfigurationMap;Li/s/a/w/w;)I
PASS	Li/s/a/w/l0/g;->j(Landroid/hardware/camera2/params/StreamConfigurationMap;Li/s/a/w/w;)I
PASS	Li/s/a/w/l0/h;->j(Landroid/hardware/camera2/params/StreamConfigurationMap;Li/s/a/w/w;)I
PASS	Li/s/a/w/q$k;-><init>(Li/s/a/w/q;)V
PASS	Li/s/a/w/q$k;->run()V
PASS	Li/s/a/w/q;->addCameraProvider(Li/s/a/w/k;Li/s/a/w/l0/c$a;)I
tested=2236 failed=0
